,Unnamed0,SV,GS,K9,BB9,HR9,BABIP,LOB,GB,HRFB,ERA,FIP,WARx,Zone,tERA,Kx,BBx,ER,KBB,KBB,AB,PA,H,X1B,X2B,X3B,HR,R,RBI,BB,SO,Pitches,Balls,Strikes,BBy,Ky,OBP,SLG,OPS,WARy,ZSwing,ZContact,Win_Percent
0,1.0,44.0,162.0,7.46,3.07,1.12,0.294,73.7,45.7,12.3,4.05,4.21,10.6,44.8,4.81,19.4,8.0,660.0,2.43,11.4,5649.0,6276.0,1494.0,1003.0,289.0,48.0,154.0,720.0,680.0,490.0,1312.0,23333.0,8283.0,15050.0,7.8,20.9,0.324,0.414,0.738,21.6,64.6,87.6,0.4876543209876543
1,2.0,44.0,162.0,7.25,3.47,1.07,0.305,71.4,43.4,11.3,4.41,4.34,7.0,45.0,4.79,18.6,8.9,699.0,2.09,9.7,5420.0,6034.0,1361.0,992.0,251.0,18.0,100.0,573.0,548.0,471.0,1107.0,22644.0,8183.0,14461.0,7.8,18.3,0.314,0.359,0.674,9.9,65.5,88.2,0.41358024691358025
2,3.0,43.0,162.0,7.73,3.03,1.09,0.298,73.6,45.2,12.0,4.05,4.11,15.8,44.9,4.48,20.3,7.9,646.0,2.55,12.3,5485.0,6007.0,1370.0,887.0,246.0,20.0,217.0,713.0,686.0,418.0,1331.0,22912.0,8137.0,14775.0,7.0,22.2,0.307,0.421,0.728,17.7,69.4,85.4,0.5
3,4.0,40.0,162.0,7.57,2.97,1.11,0.305,71.6,44.1,11.6,4.34,4.17,11.8,44.7,4.68,19.6,7.7,698.0,2.55,11.9,5640.0,6237.0,1495.0,1007.0,294.0,33.0,161.0,748.0,706.0,478.0,1148.0,24709.0,8752.0,15957.0,7.7,18.4,0.325,0.415,0.74,17.9,64.0,88.4,0.48148148148148145
4,5.0,48.0,162.0,8.81,2.51,0.83,0.287,72.7,46.6,10.7,3.36,3.3,22.9,43.0,3.87,23.9,6.8,546.0,3.52,17.1,5491.0,6200.0,1341.0,868.0,272.0,30.0,171.0,689.0,657.0,567.0,1518.0,24646.0,9152.0,15494.0,9.1,24.5,0.321,0.398,0.719,25.4,69.4,83.7,0.5987654320987654
5,6.0,37.0,162.0,8.42,2.94,1.0,0.311,72.9,45.2,11.4,3.98,3.82,17.4,44.4,4.15,22.0,7.7,643.0,2.87,14.3,5533.0,6070.0,1381.0,958.0,260.0,27.0,136.0,622.0,595.0,404.0,1231.0,23140.0,8139.0,15001.0,6.7,20.3,0.306,0.38,0.686,8.8,66.3,87.3,0.4691358024691358
6,7.0,35.0,162.0,7.75,3.37,1.1,0.297,71.7,44.1,12.1,4.35,4.24,10.8,44.1,4.76,20.0,8.7,702.0,2.3,11.3,5571.0,6196.0,1382.0,931.0,257.0,27.0,167.0,640.0,613.0,496.0,1255.0,23534.0,8437.0,15097.0,8.0,20.3,0.312,0.394,0.706,16.5,69.3,87.0,0.3950617283950617
7,8.0,38.0,161.0,8.84,2.67,1.01,0.288,72.8,44.5,11.7,3.68,3.62,21.1,45.4,4.06,23.8,7.2,586.0,3.31,16.6,5439.0,6109.0,1395.0,922.0,303.0,29.0,141.0,669.0,640.0,533.0,1157.0,23795.0,8834.0,14961.0,8.7,18.9,0.325,0.401,0.725,19.1,65.7,88.6,0.5031055900621118
8,9.0,36.0,162.0,7.02,3.65,1.15,0.318,69.9,47.7,13.2,5.04,4.56,8.3,44.3,5.84,17.6,9.2,799.0,1.92,8.4,5572.0,6071.0,1479.0,970.0,274.0,49.0,186.0,737.0,702.0,388.0,1283.0,22661.0,7783.0,14878.0,6.4,21.1,0.315,0.432,0.748,9.7,69.0,85.6,0.41975308641975306
9,10.0,35.0,161.0,6.84,3.04,1.2,0.298,69.7,42.9,12.0,4.64,4.46,11.7,45.8,4.94,17.8,7.9,746.0,2.25,9.9,5605.0,6159.0,1515.0,1026.0,289.0,49.0,151.0,689.0,660.0,455.0,1259.0,23702.0,8399.0,15303.0,7.4,20.4,0.328,0.42,0.748,17.1,68.9,86.8,0.45962732919254656
10,11.0,39.0,162.0,7.99,2.64,0.92,0.285,73.8,47.3,10.9,3.57,3.66,18.9,43.6,3.83,21.5,7.1,572.0,3.03,14.4,5459.0,6073.0,1363.0,829.0,278.0,26.0,230.0,729.0,691.0,486.0,1392.0,23543.0,8633.0,14910.0,8.0,22.9,0.315,0.437,0.752,26.1,70.2,82.5,0.5308641975308642
11,12.0,56.0,162.0,7.19,3.03,0.96,0.286,75.0,42.8,9.9,3.74,4.04,13.8,45.3,4.49,19.0,8.0,603.0,2.37,11.0,5575.0,6116.0,1497.0,1016.0,300.0,42.0,139.0,724.0,689.0,383.0,973.0,22705.0,8075.0,14630.0,6.3,15.9,0.322,0.412,0.734,21.8,66.5,89.9,0.5864197530864198
12,13.0,46.0,162.0,7.63,2.91,1.04,0.285,73.3,41.5,10.0,3.94,4.05,12.2,45.0,4.09,20.0,7.6,631.0,2.62,12.4,5417.0,5990.0,1331.0,891.0,243.0,21.0,176.0,661.0,621.0,435.0,1150.0,22727.0,8257.0,14470.0,7.3,19.2,0.307,0.396,0.702,17.1,64.8,88.6,0.5246913580246914
13,14.0,47.0,162.0,8.69,2.46,0.9,0.296,74.7,50.1,12.1,3.46,3.4,19.7,45.1,3.55,23.5,6.7,555.0,3.53,16.9,5385.0,6090.0,1346.0,870.0,263.0,26.0,187.0,667.0,638.0,563.0,1258.0,23602.0,8783.0,14819.0,9.2,20.7,0.326,0.413,0.739,29.0,67.9,85.9,0.5679012345679012
14,15.0,35.0,162.0,7.27,3.2,0.89,0.294,72.3,44.5,9.5,4.04,3.98,12.2,44.9,4.21,19.0,8.4,640.0,2.27,10.6,5463.0,5988.0,1420.0,1024.0,236.0,40.0,120.0,613.0,575.0,375.0,1150.0,22254.0,7821.0,14433.0,6.3,19.2,0.31,0.384,0.694,15.3,64.8,88.1,0.4382716049382716
15,16.0,40.0,162.0,7.9,3.24,1.1,0.303,72.1,46.1,12.7,4.28,4.17,9.9,43.6,4.68,20.5,8.4,682.0,2.44,12.1,5480.0,6024.0,1378.0,925.0,274.0,34.0,145.0,655.0,624.0,412.0,1299.0,22558.0,7693.0,14865.0,6.8,21.6,0.307,0.393,0.7,12.6,68.5,86.7,0.41975308641975306
16,17.0,45.0,162.0,6.52,2.58,1.02,0.3,72.8,44.0,10.4,4.07,4.1,16.0,44.9,4.66,17.0,6.7,653.0,2.53,10.3,5467.0,6017.0,1349.0,872.0,277.0,44.0,156.0,696.0,661.0,439.0,1264.0,23100.0,8133.0,14967.0,7.3,21.0,0.305,0.399,0.704,12.1,66.0,86.7,0.5123456790123457
17,18.0,50.0,162.0,8.23,2.36,0.94,0.288,74.3,46.3,10.8,3.45,3.53,19.0,46.2,3.63,22.1,6.3,561.0,3.49,15.8,5527.0,6145.0,1351.0,862.0,295.0,17.0,177.0,683.0,654.0,488.0,1290.0,23931.0,8707.0,15224.0,7.9,21.0,0.312,0.4,0.712,24.6,66.7,87.6,0.5555555555555556
18,19.0,48.0,162.0,8.46,2.93,1.12,0.3,73.8,47.0,13.6,4.03,3.97,18.4,44.5,4.43,22.1,7.7,653.0,2.89,14.5,5567.0,6268.0,1397.0,894.0,272.0,19.0,212.0,764.0,737.0,554.0,1227.0,24523.0,9194.0,15329.0,8.8,19.6,0.323,0.421,0.744,20.7,64.4,87.8,0.5370370370370371
19,20.0,28.0,162.0,7.34,2.95,1.07,0.289,71.0,45.0,11.4,4.16,4.13,13.0,45.8,4.35,19.2,7.7,668.0,2.49,11.5,5600.0,6171.0,1405.0,936.0,277.0,46.0,146.0,694.0,661.0,475.0,1119.0,23809.0,8590.0,15219.0,7.7,18.1,0.312,0.395,0.707,11.3,63.2,89.2,0.41975308641975306
20,21.0,35.0,162.0,7.22,3.06,1.2,0.316,71.1,44.0,12.2,4.69,4.4,10.3,44.4,4.8,18.2,7.7,749.0,2.36,10.5,5529.0,6053.0,1374.0,935.0,272.0,37.0,130.0,626.0,586.0,387.0,1274.0,22644.0,7801.0,14843.0,6.4,21.0,0.303,0.382,0.684,8.8,67.7,87.3,0.3888888888888889
21,22.0,54.0,162.0,8.08,2.74,0.66,0.302,75.0,50.4,9.4,3.23,3.36,19.5,43.0,3.87,21.5,7.3,534.0,2.95,14.2,5631.0,6285.0,1462.0,1003.0,292.0,27.0,140.0,697.0,661.0,461.0,1322.0,23889.0,8560.0,15329.0,7.3,21.0,0.323,0.396,0.719,24.0,67.1,85.7,0.6049382716049383
22,23.0,41.0,162.0,8.7,3.22,1.07,0.303,71.1,46.9,13.3,4.09,3.93,9.7,43.4,4.15,22.9,8.5,655.0,2.7,14.4,5457.0,6019.0,1324.0,880.0,260.0,36.0,148.0,650.0,623.0,426.0,1327.0,23200.0,8359.0,14841.0,7.1,22.0,0.3,0.385,0.685,16.4,66.9,85.8,0.4567901234567901
23,24.0,45.0,162.0,7.89,3.02,1.11,0.298,72.8,46.3,12.5,4.16,4.14,9.1,45.1,4.25,20.6,7.9,677.0,2.61,12.7,5544.0,6131.0,1379.0,897.0,262.0,22.0,198.0,656.0,624.0,478.0,1336.0,23814.0,8769.0,15045.0,7.8,21.8,0.311,0.411,0.722,17.4,67.2,85.0,0.4691358024691358
24,25.0,41.0,162.0,7.26,2.69,0.97,0.283,74.5,46.0,10.8,3.73,3.91,8.8,44.2,4.1,19.4,7.2,599.0,2.7,12.2,5565.0,6153.0,1486.0,1023.0,288.0,39.0,136.0,696.0,663.0,457.0,1159.0,23191.0,8466.0,14725.0,7.4,18.8,0.326,0.406,0.732,29.5,69.8,87.3,0.5185185185185185
25,26.0,62.0,162.0,8.17,2.93,0.76,0.297,79.4,48.0,9.4,2.94,3.48,20.6,45.2,3.73,21.7,7.8,478.0,2.79,13.9,5484.0,6139.0,1386.0,922.0,288.0,39.0,137.0,647.0,619.0,506.0,1267.0,23494.0,8621.0,14873.0,8.2,20.6,0.321,0.394,0.716,23.6,69.3,86.8,0.6172839506172839
26,27.0,60.0,162.0,8.39,2.95,1.08,0.284,75.1,41.8,11.2,3.74,3.91,14.7,45.8,4.04,22.3,7.9,604.0,2.84,14.5,5485.0,6071.0,1383.0,906.0,278.0,32.0,167.0,644.0,612.0,436.0,1310.0,23210.0,8294.0,14916.0,7.2,21.6,0.314,0.406,0.72,19.6,68.8,84.4,0.49382716049382713
27,28.0,45.0,162.0,6.83,3.17,1.07,0.294,72.4,44.2,11.2,4.25,4.34,11.0,44.2,5.06,17.6,8.2,682.0,2.16,9.4,5511.0,6187.0,1419.0,936.0,279.0,32.0,172.0,751.0,707.0,503.0,1233.0,23739.0,8730.0,15009.0,8.1,19.9,0.325,0.413,0.739,21.6,64.4,86.6,0.5432098765432098
28,29.0,34.0,162.0,6.98,2.48,1.08,0.278,72.7,43.7,11.0,3.81,4.09,13.7,46.1,4.45,18.7,6.6,610.0,2.81,12.0,5509.0,6231.0,1480.0,923.0,308.0,17.0,232.0,891.0,852.0,570.0,1151.0,24051.0,8993.0,15058.0,9.1,18.5,0.34,0.457,0.797,36.7,64.3,86.4,0.5740740740740741
29,30.0,41.0,162.0,8.42,2.28,0.91,0.3,72.7,44.7,10.3,3.62,3.45,22.2,46.3,3.87,22.5,6.1,577.0,3.69,16.4,5428.0,6117.0,1363.0,908.0,265.0,13.0,177.0,703.0,665.0,539.0,1344.0,23247.0,8545.0,14702.0,8.8,22.0,0.321,0.403,0.724,17.9,67.8,85.7,0.5123456790123457
30,31.0,31.0,162.0,8.17,3.74,1.25,0.32,68.7,46.0,14.1,5.09,4.5,10.1,43.2,5.15,20.5,9.4,821.0,2.19,11.1,5665.0,6260.0,1479.0,948.0,285.0,56.0,190.0,752.0,709.0,463.0,1427.0,24094.0,8606.0,15488.0,7.4,22.8,0.32,0.432,0.752,16.7,65.1,86.2,0.42592592592592593
31,32.0,39.0,161.0,7.63,3.4,1.1,0.293,70.2,44.7,11.7,4.51,4.32,9.0,44.2,4.57,19.6,8.8,725.0,2.24,10.9,5514.0,6192.0,1404.0,960.0,295.0,27.0,122.0,649.0,615.0,502.0,1240.0,23246.0,8269.0,14977.0,8.1,20.0,0.321,0.384,0.705,12.2,66.9,86.6,0.422360248447205
32,33.0,54.0,162.0,7.84,3.43,1.15,0.299,73.7,44.8,12.6,4.22,4.31,15.7,44.0,4.67,20.4,8.9,671.0,2.29,11.5,5524.0,6089.0,1413.0,889.0,265.0,6.0,253.0,744.0,710.0,468.0,1324.0,23525.0,8503.0,15022.0,7.7,21.7,0.317,0.443,0.76,21.4,67.9,84.7,0.5493827160493827
33,34.0,43.0,162.0,8.51,3.06,1.1,0.293,72.9,41.5,11.4,4.0,4.0,18.8,45.1,4.45,22.4,8.1,640.0,2.78,14.4,5670.0,6320.0,1598.0,1022.0,343.0,25.0,208.0,878.0,836.0,558.0,1160.0,24947.0,9221.0,15726.0,8.8,18.4,0.348,0.461,0.81,32.3,62.8,89.2,0.5740740740740741
34,35.0,38.0,162.0,8.88,3.05,1.01,0.255,77.5,46.9,13.1,3.15,3.77,18.8,43.2,4.11,24.3,8.3,511.0,2.91,15.9,5503.0,6335.0,1409.0,887.0,293.0,30.0,199.0,808.0,767.0,656.0,1339.0,25160.0,9576.0,15584.0,10.4,21.1,0.343,0.429,0.772,35.9,66.7,84.7,0.639751552795031
35,36.0,43.0,162.0,7.9,3.24,1.15,0.298,74.0,43.1,12.0,4.12,4.27,17.1,44.2,4.55,20.5,8.4,662.0,2.44,12.1,5550.0,6131.0,1428.0,950.0,277.0,33.0,168.0,686.0,656.0,455.0,1285.0,23739.0,8367.0,15372.0,7.4,21.0,0.317,0.41,0.727,16.5,67.5,86.1,0.48148148148148145
36,37.0,28.0,162.0,7.75,3.97,1.61,0.29,72.8,41.6,15.9,4.91,5.24,1.0,45.7,5.67,19.5,10.0,787.0,1.95,9.5,5487.0,6094.0,1403.0,929.0,277.0,33.0,164.0,716.0,678.0,452.0,1284.0,23319.0,8331.0,14988.0,7.4,21.1,0.316,0.408,0.724,10.8,68.2,86.6,0.41975308641975306
37,38.0,37.0,161.0,8.71,2.87,1.16,0.289,73.4,46.7,13.7,3.86,3.91,18.2,44.6,4.37,23.2,7.6,619.0,3.03,15.5,5484.0,6155.0,1435.0,913.0,308.0,29.0,185.0,777.0,733.0,531.0,1246.0,24186.0,8826.0,15360.0,8.6,20.2,0.329,0.43,0.759,24.0,68.3,86.8,0.5838509316770186
38,39.0,37.0,162.0,7.7,3.44,1.14,0.317,68.0,49.1,14.1,4.92,4.38,13.1,45.0,5.62,19.4,8.7,781.0,2.24,10.7,5614.0,6236.0,1544.0,975.0,318.0,47.0,204.0,845.0,805.0,494.0,1330.0,24413.0,8796.0,15617.0,7.9,21.3,0.336,0.457,0.794,20.9,67.9,86.3,0.46296296296296297
39,40.0,47.0,161.0,7.76,2.91,1.15,0.3,72.2,44.5,11.7,4.24,4.16,18.5,44.7,4.24,20.4,7.6,673.0,2.67,12.7,5526.0,6127.0,1476.0,983.0,252.0,30.0,211.0,750.0,719.0,493.0,1303.0,23720.0,8595.0,15125.0,8.0,21.3,0.331,0.438,0.769,19.9,66.9,86.4,0.5341614906832298
40,41.0,44.0,162.0,8.56,2.78,1.11,0.306,73.4,45.2,12.6,4.06,3.85,17.6,43.7,4.03,22.6,7.3,663.0,3.08,15.3,5545.0,6204.0,1367.0,849.0,291.0,29.0,198.0,724.0,689.0,554.0,1452.0,23971.0,8941.0,15030.0,8.9,23.4,0.319,0.417,0.735,24.6,68.8,83.2,0.5185185185185185
41,42.0,41.0,162.0,8.04,3.23,1.29,0.298,75.4,44.3,13.4,4.21,4.42,12.1,45.5,4.67,20.8,8.4,674.0,2.49,12.5,5552.0,6052.0,1450.0,1006.0,264.0,33.0,147.0,675.0,640.0,382.0,1224.0,22931.0,7992.0,14939.0,6.3,20.2,0.312,0.4,0.712,11.8,68.9,87.6,0.5
42,43.0,29.0,162.0,7.19,3.15,1.32,0.301,75.0,40.8,12.5,4.28,4.62,8.0,45.5,4.8,18.6,8.1,676.0,2.28,10.4,5431.0,6041.0,1410.0,955.0,279.0,20.0,156.0,717.0,686.0,471.0,991.0,22543.0,8135.0,14408.0,7.8,16.4,0.322,0.405,0.726,16.6,67.5,89.2,0.4567901234567901
43,44.0,47.0,162.0,9.35,2.87,1.02,0.288,73.8,42.8,11.7,3.7,3.61,20.0,45.1,3.75,25.1,7.7,598.0,3.25,17.4,5518.0,6164.0,1375.0,893.0,272.0,21.0,189.0,725.0,680.0,525.0,1321.0,23749.0,8839.0,14910.0,8.5,21.4,0.319,0.409,0.728,21.5,67.5,86.5,0.5617283950617284
44,45.0,55.0,161.0,8.65,3.73,0.95,0.303,74.0,43.0,10.9,4.05,3.97,15.5,44.0,4.27,22.4,9.7,646.0,2.32,12.7,5547.0,6133.0,1460.0,1031.0,259.0,42.0,128.0,655.0,626.0,447.0,1213.0,23662.0,8437.0,15225.0,7.3,19.8,0.322,0.394,0.716,19.8,63.8,88.1,0.4906832298136646
45,46.0,46.0,162.0,7.37,3.34,1.12,0.3,73.1,46.0,12.4,4.1,4.37,11.1,44.4,4.81,19.0,8.6,653.0,2.21,10.4,5330.0,6061.0,1299.0,837.0,249.0,19.0,194.0,671.0,641.0,599.0,1543.0,24181.0,9028.0,15153.0,9.9,25.5,0.322,0.407,0.729,15.4,65.7,83.5,0.4506172839506173
46,47.0,26.0,162.0,7.43,2.99,1.38,0.319,68.3,43.0,13.9,5.09,4.57,10.7,43.1,5.13,18.9,7.6,816.0,2.49,11.3,5618.0,6245.0,1409.0,886.0,288.0,35.0,200.0,722.0,690.0,513.0,1426.0,24633.0,8991.0,15642.0,8.2,22.8,0.316,0.421,0.738,15.8,63.4,85.5,0.36419753086419754
47,48.0,55.0,162.0,8.68,2.73,0.95,0.308,75.6,44.2,11.1,3.58,3.57,21.5,46.7,3.81,23.0,7.2,576.0,3.18,15.8,5459.0,6115.0,1342.0,865.0,240.0,19.0,218.0,671.0,649.0,517.0,1302.0,23980.0,8890.0,15090.0,8.5,21.3,0.316,0.417,0.733,21.6,66.6,87.4,0.5370370370370371
48,49.0,48.0,162.0,8.78,2.8,1.35,0.292,74.2,46.9,15.5,4.16,4.2,18.7,43.8,4.39,23.1,7.4,661.0,3.14,15.8,5458.0,6058.0,1377.0,929.0,245.0,20.0,183.0,680.0,647.0,475.0,1188.0,23232.0,8475.0,14757.0,7.8,19.6,0.314,0.405,0.72,14.9,65.8,88.6,0.5185185185185185
49,50.0,42.0,162.0,7.46,2.91,1.16,0.299,70.7,46.2,12.5,4.51,4.24,13.7,45.6,4.39,19.3,7.6,719.0,2.56,11.8,5500.0,6022.0,1352.0,892.0,270.0,21.0,169.0,653.0,634.0,442.0,1145.0,23061.0,8364.0,14697.0,7.3,19.0,0.304,0.395,0.699,4.3,66.3,87.0,0.42592592592592593
50,51.0,43.0,162.0,8.14,2.92,1.33,0.304,70.5,41.0,13.8,4.64,4.34,13.9,45.7,4.82,21.1,7.6,741.0,2.79,13.5,5434.0,5992.0,1306.0,879.0,231.0,35.0,161.0,610.0,575.0,424.0,1376.0,22887.0,8089.0,14798.0,7.1,23.0,0.301,0.385,0.685,7.2,68.9,85.4,0.4382716049382716
51,52.0,51.0,162.0,7.64,3.31,1.12,0.306,72.5,46.9,13.0,4.22,4.3,9.0,43.4,4.65,19.6,8.5,681.0,2.31,11.1,5542.0,6261.0,1426.0,964.0,277.0,32.0,153.0,729.0,696.0,561.0,1334.0,24900.0,9296.0,15604.0,9.0,21.3,0.332,0.402,0.734,22.4,66.3,86.1,0.484472049689441
52,53.0,35.0,162.0,7.64,3.56,1.14,0.296,71.3,46.4,12.6,4.44,4.4,8.6,43.4,4.51,19.6,9.1,711.0,2.15,10.5,5419.0,6000.0,1275.0,815.0,257.0,26.0,177.0,686.0,654.0,449.0,1500.0,23518.0,8465.0,15053.0,7.5,25.0,0.299,0.39,0.689,9.7,66.6,84.3,0.41975308641975306
53,54.0,49.0,162.0,8.14,2.84,1.32,0.292,74.9,43.4,13.8,4.0,4.3,14.5,45.5,4.31,21.4,7.5,647.0,2.87,14.0,5583.0,6227.0,1446.0,955.0,251.0,17.0,223.0,768.0,735.0,506.0,1288.0,24307.0,8922.0,15385.0,8.1,20.7,0.326,0.43,0.756,23.6,66.5,86.8,0.5308641975308642
54,55.0,43.0,162.0,8.07,2.71,0.97,0.287,74.3,45.3,10.8,3.69,3.76,14.2,44.5,3.85,21.6,7.3,599.0,2.98,14.4,5565.0,6271.0,1437.0,973.0,280.0,54.0,130.0,715.0,675.0,572.0,1107.0,24003.0,8885.0,15118.0,9.1,17.7,0.329,0.398,0.728,24.1,68.7,88.5,0.5370370370370371
55,56.0,38.0,162.0,8.02,2.95,0.99,0.304,71.8,49.5,12.8,4.08,3.88,16.6,45.5,4.26,20.9,7.7,656.0,2.72,13.2,5548.0,6223.0,1416.0,859.0,300.0,32.0,225.0,779.0,745.0,526.0,1318.0,23915.0,8692.0,15223.0,8.5,21.2,0.325,0.443,0.768,24.5,69.7,86.6,0.5308641975308642
56,57.0,42.0,162.0,8.56,3.1,1.33,0.297,74.2,41.0,13.1,4.2,4.26,10.6,43.7,4.33,22.3,8.1,665.0,2.76,14.3,5481.0,6046.0,1333.0,797.0,288.0,32.0,216.0,672.0,647.0,449.0,1482.0,23480.0,8467.0,15013.0,7.4,24.5,0.307,0.426,0.733,17.0,68.2,81.7,0.41975308641975306
57,58.0,56.0,162.0,7.2,3.33,1.25,0.292,72.8,45.5,13.5,4.38,4.58,12.6,43.5,5.29,18.7,8.6,703.0,2.16,10.0,5525.0,6089.0,1446.0,951.0,257.0,23.0,215.0,765.0,746.0,436.0,1220.0,23305.0,8317.0,14988.0,7.2,20.0,0.322,0.433,0.755,17.5,64.8,86.7,0.5864197530864198
58,59.0,43.0,162.0,8.1,2.84,1.13,0.282,74.4,46.6,13.0,3.79,4.04,16.8,44.7,4.28,21.5,7.5,615.0,2.85,14.0,5479.0,6233.0,1358.0,843.0,276.0,18.0,221.0,759.0,728.0,632.0,1362.0,25139.0,9649.0,15490.0,10.1,21.9,0.33,0.426,0.755,23.8,64.3,85.2,0.5493827160493827
59,60.0,46.0,162.0,9.1,2.89,0.96,0.288,75.0,43.3,10.9,3.52,3.58,23.5,45.5,3.95,24.5,7.8,571.0,3.15,16.7,5490.0,6201.0,1403.0,903.0,268.0,29.0,203.0,763.0,735.0,536.0,1252.0,24077.0,8945.0,15132.0,8.6,20.2,0.326,0.426,0.751,22.7,64.2,87.0,0.5864197530864198
60,61.0,43.0,162.0,9.26,3.22,1.07,0.294,74.2,48.1,13.1,3.67,3.8,22.9,43.3,4.15,24.4,8.5,588.0,2.87,15.9,5525.0,6224.0,1405.0,832.0,314.0,39.0,220.0,812.0,776.0,578.0,1456.0,24412.0,8955.0,15457.0,9.3,23.4,0.329,0.445,0.774,21.5,65.5,85.1,0.5740740740740741
61,62.0,36.0,162.0,7.86,3.65,1.2,0.302,70.1,44.5,12.5,4.72,4.51,9.0,43.9,4.82,19.9,9.3,756.0,2.15,10.7,5584.0,6216.0,1467.0,987.0,289.0,26.0,165.0,732.0,706.0,474.0,1184.0,23315.0,8097.0,15218.0,7.6,19.0,0.326,0.412,0.738,14.7,70.9,86.5,0.4444444444444444
62,63.0,35.0,162.0,7.7,3.62,1.51,0.302,72.2,44.6,15.4,4.97,4.96,8.6,43.1,5.19,19.6,9.2,796.0,2.13,10.4,5650.0,6140.0,1469.0,956.0,269.0,12.0,232.0,743.0,713.0,392.0,1412.0,23674.0,8358.0,15316.0,6.4,23.0,0.312,0.435,0.747,10.6,67.5,84.2,0.46296296296296297
63,64.0,39.0,162.0,9.59,2.82,1.18,0.303,75.7,41.0,12.7,3.73,3.78,23.2,44.9,4.26,25.4,7.5,615.0,3.4,17.9,5669.0,6338.0,1461.0,972.0,302.0,19.0,168.0,785.0,735.0,571.0,1224.0,25018.0,9223.0,15795.0,9.0,19.3,0.329,0.407,0.736,15.3,62.3,87.1,0.5740740740740741
64,65.0,38.0,162.0,8.95,3.44,1.21,0.285,74.2,46.2,14.5,3.95,4.2,16.8,43.6,4.44,23.6,9.1,636.0,2.6,14.5,5496.0,6283.0,1402.0,876.0,274.0,29.0,223.0,822.0,785.0,622.0,1401.0,24352.0,8863.0,15489.0,9.9,22.3,0.338,0.437,0.775,26.4,66.9,84.5,0.5679012345679012
65,66.0,25.0,162.0,7.55,4.0,1.53,0.281,72.4,41.9,14.7,4.78,5.17,4.4,43.8,5.21,19.2,10.2,755.0,1.89,9.0,5513.0,6059.0,1412.0,933.0,256.0,37.0,186.0,706.0,670.0,401.0,1397.0,23244.0,8114.0,15130.0,6.6,23.1,0.314,0.417,0.731,16.1,68.9,85.1,0.41358024691358025
66,67.0,33.0,162.0,8.18,3.97,1.56,0.296,71.1,44.6,16.8,5.17,5.08,5.3,45.6,5.46,20.7,10.0,821.0,2.06,10.6,5484.0,6213.0,1390.0,884.0,249.0,38.0,219.0,753.0,715.0,565.0,1329.0,23922.0,8707.0,15215.0,9.1,21.4,0.329,0.433,0.761,21.6,67.1,86.3,0.41975308641975306
67,68.0,37.0,162.0,10.08,2.54,1.02,0.303,77.5,44.1,13.0,3.3,3.33,30.4,46.3,3.92,27.5,6.9,529.0,3.98,20.6,5511.0,6234.0,1449.0,875.0,333.0,29.0,212.0,818.0,780.0,604.0,1153.0,24759.0,9457.0,15302.0,9.7,18.5,0.339,0.449,0.788,28.9,66.6,86.8,0.6296296296296297
68,69.0,47.0,162.0,7.95,3.33,1.19,0.305,72.2,48.5,14.2,4.51,4.32,18.6,47.9,5.29,20.6,8.6,721.0,2.39,11.9,5534.0,6201.0,1510.0,987.0,293.0,38.0,192.0,824.0,793.0,519.0,1408.0,23940.0,8541.0,15399.0,8.4,22.7,0.338,0.444,0.781,14.3,66.4,85.3,0.5370370370370371
69,70.0,32.0,162.0,7.62,3.41,1.38,0.32,68.7,39.4,12.8,5.36,4.73,11.5,45.8,5.21,19.1,8.5,846.0,2.23,10.5,5556.0,6150.0,1435.0,924.0,289.0,35.0,187.0,735.0,699.0,503.0,1313.0,24123.0,8666.0,15457.0,8.2,21.3,0.324,0.424,0.748,10.4,67.4,85.8,0.3950617283950617
70,71.0,45.0,162.0,9.91,3.25,1.2,0.3,73.7,47.3,14.9,4.12,3.91,19.0,44.7,3.93,26.1,8.5,662.0,3.05,17.5,5611.0,6271.0,1581.0,977.0,346.0,20.0,238.0,896.0,854.0,509.0,1087.0,23749.0,8854.0,14895.0,8.1,17.3,0.346,0.478,0.823,37.2,65.8,88.5,0.6234567901234568
71,72.0,39.0,162.0,7.61,3.25,1.23,0.303,70.9,43.7,12.0,4.63,4.43,13.7,47.5,4.6,19.6,8.3,740.0,2.34,11.2,5536.0,6027.0,1436.0,959.0,260.0,24.0,193.0,702.0,660.0,390.0,1166.0,22862.0,7961.0,14901.0,6.5,19.3,0.311,0.42,0.731,12.0,71.1,87.1,0.49382716049382713
72,73.0,43.0,162.0,8.2,2.94,1.4,0.289,74.9,41.6,14.1,4.2,4.43,11.0,43.5,4.52,21.8,7.8,672.0,2.79,14.0,5415.0,6073.0,1314.0,863.0,251.0,14.0,186.0,710.0,678.0,523.0,1198.0,23378.0,8612.0,14766.0,8.6,19.7,0.315,0.397,0.712,16.3,65.9,86.6,0.49382716049382713
73,74.0,51.0,162.0,9.65,2.75,1.15,0.281,77.8,42.7,13.4,3.38,3.67,21.7,45.2,3.8,26.1,7.5,543.0,3.5,18.7,5408.0,6191.0,1347.0,794.0,312.0,20.0,221.0,770.0,730.0,649.0,1380.0,24348.0,9349.0,14999.0,10.5,22.3,0.334,0.437,0.771,30.3,65.2,85.1,0.6419753086419753
74,75.0,34.0,162.0,7.5,3.91,1.2,0.298,70.7,42.5,12.2,4.82,4.69,5.5,44.5,4.76,19.0,9.9,772.0,1.92,9.1,5602.0,6248.0,1497.0,1001.0,271.0,31.0,194.0,778.0,743.0,486.0,1282.0,23905.0,8473.0,15432.0,7.8,20.5,0.331,0.431,0.761,25.6,64.9,87.1,0.47530864197530864
75,76.0,54.0,162.0,8.38,3.44,1.15,0.298,74.8,45.7,13.5,4.0,4.24,17.1,43.9,4.63,21.8,9.0,642.0,2.43,12.9,5467.0,6135.0,1363.0,850.0,267.0,22.0,224.0,732.0,695.0,547.0,1571.0,24245.0,8745.0,15500.0,8.9,25.6,0.322,0.429,0.751,22.5,66.7,82.4,0.5308641975308642
76,77.0,42.0,162.0,7.31,3.03,1.4,0.296,72.5,42.4,13.5,4.6,4.71,8.9,45.0,4.99,18.8,7.8,734.0,2.41,11.0,5557.0,6261.0,1444.0,921.0,286.0,31.0,206.0,815.0,781.0,593.0,1342.0,24888.0,9280.0,15608.0,9.5,21.4,0.334,0.434,0.768,28.3,64.8,85.4,0.5246913580246914
77,78.0,34.0,162.0,8.62,3.72,1.38,0.319,70.4,44.4,14.9,5.01,4.59,8.7,45.3,4.62,21.5,9.3,799.0,2.32,12.2,5510.0,6169.0,1379.0,841.0,286.0,28.0,224.0,735.0,713.0,529.0,1291.0,24000.0,8652.0,15348.0,8.6,20.9,0.32,0.434,0.755,20.2,65.8,86.2,0.43209876543209874
78,79.0,36.0,162.0,9.69,3.13,1.19,0.28,74.5,46.2,14.2,3.75,3.88,23.4,43.7,3.99,25.7,8.3,603.0,3.1,17.4,5594.0,6354.0,1463.0,933.0,266.0,23.0,241.0,858.0,821.0,616.0,1386.0,25306.0,9614.0,15692.0,9.7,21.8,0.339,0.447,0.785,28.5,66.7,84.7,0.5617283950617284
79,80.0,35.0,162.0,7.56,3.16,1.32,0.294,68.9,44.9,13.9,4.67,4.57,9.6,43.8,4.68,19.5,8.1,743.0,2.39,11.4,5464.0,6126.0,1344.0,790.0,305.0,15.0,234.0,739.0,708.0,565.0,1491.0,24523.0,9156.0,15367.0,9.2,24.3,0.319,0.436,0.755,17.0,68.4,83.7,0.46296296296296297
80,81.0,33.0,162.0,8.18,3.29,1.38,0.304,73.0,42.9,14.1,4.57,4.56,14.3,47.1,4.83,21.0,8.5,731.0,2.48,12.5,5535.0,6133.0,1382.0,885.0,287.0,36.0,174.0,690.0,654.0,494.0,1417.0,24133.0,8644.0,15489.0,8.1,23.1,0.315,0.409,0.723,11.3,66.9,85.2,0.4074074074074074
81,82.0,36.0,162.0,7.88,3.19,1.14,0.306,73.2,45.2,12.9,4.23,4.23,16.6,46.6,4.63,20.3,8.2,677.0,2.47,12.1,5458.0,6136.0,1331.0,895.0,249.0,36.0,151.0,668.0,635.0,519.0,1213.0,24090.0,8769.0,15321.0,8.5,19.8,0.318,0.386,0.704,10.1,66.3,86.3,0.46296296296296297
82,83.0,45.0,162.0,8.34,3.49,1.42,0.299,71.1,47.5,16.4,4.7,4.68,7.9,44.8,4.7,21.5,9.0,747.0,2.39,12.5,5356.0,5954.0,1251.0,804.0,227.0,31.0,189.0,604.0,576.0,460.0,1499.0,22651.0,7998.0,14653.0,7.7,25.2,0.299,0.393,0.692,8.9,67.0,83.3,0.4382716049382716
83,84.0,39.0,162.0,7.77,3.06,1.48,0.283,72.7,40.3,14.1,4.46,4.7,9.3,47.1,4.72,20.3,8.0,713.0,2.54,12.3,5551.0,6166.0,1436.0,938.0,281.0,17.0,200.0,750.0,714.0,487.0,1267.0,23881.0,8781.0,15100.0,7.9,20.5,0.325,0.424,0.749,23.9,65.5,86.1,0.48148148148148145
84,85.0,32.0,162.0,7.65,3.07,1.13,0.308,71.1,42.5,11.5,4.5,4.22,11.4,45.6,4.42,19.6,7.9,726.0,2.49,11.7,5551.0,6137.0,1382.0,936.0,290.0,28.0,128.0,639.0,612.0,467.0,1204.0,23276.0,8400.0,14876.0,7.6,19.6,0.309,0.38,0.689,8.9,69.3,86.7,0.3950617283950617
85,86.0,43.0,162.0,8.38,3.06,1.14,0.298,73.6,46.3,13.5,4.01,4.09,15.7,46.0,4.32,22.0,8.0,647.0,2.74,13.9,5470.0,6219.0,1402.0,894.0,284.0,28.0,196.0,761.0,728.0,593.0,1348.0,24475.0,9125.0,15350.0,9.5,21.7,0.334,0.426,0.76,25.8,65.7,85.4,0.5123456790123457
86,87.0,53.0,162.0,8.42,3.13,1.2,0.283,73.0,43.0,12.8,3.99,4.17,15.0,43.5,4.25,22.2,8.2,640.0,2.69,13.9,5478.0,6147.0,1340.0,854.0,226.0,32.0,228.0,694.0,671.0,545.0,1538.0,23897.0,8682.0,15215.0,8.9,25.0,0.317,0.422,0.739,20.4,70.3,81.3,0.49382716049382713
87,88.0,29.0,162.0,6.95,3.51,1.34,0.289,70.9,44.2,13.6,4.7,4.88,11.2,44.0,5.61,17.8,9.0,749.0,1.98,8.8,5430.0,6122.0,1326.0,813.0,255.0,21.0,237.0,799.0,756.0,544.0,1493.0,24289.0,8966.0,15323.0,8.9,24.4,0.32,0.43,0.75,11.2,66.3,84.1,0.48148148148148145
88,89.0,45.0,162.0,8.43,3.37,1.25,0.303,71.8,45.4,13.3,4.42,4.31,16.6,43.0,4.4,21.7,8.7,720.0,2.5,13.0,5499.0,6154.0,1320.0,824.0,269.0,5.0,222.0,693.0,661.0,542.0,1327.0,24295.0,9012.0,15283.0,8.8,21.6,0.312,0.412,0.724,8.9,65.0,86.2,0.4691358024691358
89,90.0,46.0,162.0,9.06,3.08,1.18,0.287,74.4,44.0,12.8,3.88,3.99,23.0,46.1,4.15,24.0,8.2,624.0,2.94,15.9,5553.0,6214.0,1477.0,920.0,311.0,31.0,215.0,819.0,796.0,542.0,1327.0,24299.0,8904.0,15395.0,8.7,21.4,0.332,0.449,0.782,23.0,65.8,86.0,0.5987654320987654
90,91.0,39.0,162.0,8.91,3.21,1.07,0.289,75.7,47.3,13.7,3.73,3.91,12.0,39.9,4.34,23.6,8.5,606.0,2.77,15.1,5460.0,6157.0,1283.0,798.0,259.0,50.0,176.0,693.0,658.0,560.0,1460.0,23968.0,8632.0,15336.0,9.1,23.7,0.31,0.397,0.707,18.5,65.9,84.9,0.5061728395061729
91,92.0,40.0,162.0,8.79,3.92,0.95,0.278,74.1,43.3,11.2,3.75,3.99,15.1,41.8,4.58,23.1,10.3,607.0,2.24,12.8,5582.0,6251.0,1433.0,915.0,314.0,29.0,175.0,759.0,717.0,511.0,1290.0,23760.0,8408.0,15352.0,8.2,20.6,0.324,0.417,0.742,25.0,71.6,85.3,0.5555555555555556
92,93.0,28.0,162.0,7.57,3.7,1.47,0.31,70.0,41.9,14.4,5.19,4.98,7.1,43.2,5.31,19.0,9.3,825.0,2.04,9.7,5507.0,6034.0,1317.0,872.0,242.0,15.0,188.0,622.0,593.0,422.0,1412.0,23476.0,8346.0,15130.0,7.0,23.4,0.298,0.391,0.689,4.8,68.9,84.4,0.29012345679012347
93,94.0,46.0,162.0,9.61,3.16,1.09,0.294,75.8,42.4,11.9,3.75,3.82,18.5,42.7,4.19,25.3,8.3,608.0,3.04,17.0,5623.0,6302.0,1509.0,915.0,355.0,31.0,208.0,876.0,829.0,569.0,1253.0,24653.0,9201.0,15452.0,9.0,19.9,0.339,0.453,0.792,32.3,67.8,87.2,0.6666666666666666
94,95.0,46.0,163.0,8.13,3.79,0.96,0.284,76.2,45.0,11.5,3.65,4.14,14.1,42.6,4.58,21.3,9.9,598.0,2.14,11.4,5624.0,6369.0,1453.0,966.0,286.0,34.0,167.0,761.0,722.0,576.0,1388.0,24240.0,8723.0,15517.0,9.0,21.8,0.333,0.41,0.744,26.7,67.6,84.9,0.5828220858895705
95,96.0,34.0,162.0,7.89,4.09,1.23,0.292,69.4,40.8,11.7,4.85,4.73,9.8,43.2,4.84,19.9,10.3,774.0,1.93,9.6,5523.0,6071.0,1332.0,851.0,259.0,40.0,182.0,656.0,639.0,425.0,1594.0,23715.0,8166.0,15549.0,7.0,26.3,0.302,0.401,0.703,11.3,68.0,83.8,0.38271604938271603
96,97.0,38.0,162.0,7.86,3.32,1.42,0.3,71.5,44.4,15.8,4.65,4.68,8.7,44.6,5.34,20.0,8.5,745.0,2.36,11.6,5532.0,6240.0,1404.0,956.0,251.0,25.0,172.0,696.0,665.0,559.0,1376.0,23713.0,8646.0,15067.0,9.0,22.1,0.328,0.401,0.729,17.2,69.1,86.2,0.41358024691358025
97,98.0,41.0,162.0,9.54,2.51,1.24,0.298,76.0,42.5,13.7,3.77,3.78,22.0,43.5,4.19,25.4,6.7,611.0,3.79,18.7,5595.0,6300.0,1447.0,915.0,297.0,19.0,216.0,818.0,786.0,554.0,1189.0,24592.0,9231.0,15361.0,8.8,18.9,0.332,0.434,0.766,26.4,67.3,88.6,0.5617283950617284
98,99.0,51.0,163.0,8.73,3.25,1.14,0.299,71.3,45.2,13.5,4.33,4.06,17.1,43.1,5.1,22.9,8.5,699.0,2.68,14.4,5541.0,6178.0,1418.0,886.0,280.0,42.0,210.0,780.0,748.0,507.0,1397.0,23413.0,8382.0,15031.0,8.2,22.6,0.322,0.435,0.757,15.8,70.3,84.7,0.558282208588957
99,100.0,37.0,162.0,7.67,3.1,1.36,0.291,70.5,39.6,12.9,4.6,4.59,10.0,41.9,5.05,19.8,8.0,728.0,2.47,11.8,5494.0,6029.0,1326.0,872.0,284.0,35.0,135.0,630.0,597.0,428.0,1341.0,23350.0,8111.0,15239.0,7.1,22.2,0.3,0.38,0.68,4.2,69.1,86.0,0.3950617283950617
100,101.0,46.0,162.0,10.44,2.69,0.94,0.283,77.9,44.0,11.6,3.11,3.23,28.6,43.3,3.31,28.5,7.4,503.0,3.88,21.2,5453.0,6146.0,1390.0,889.0,278.0,18.0,205.0,797.0,763.0,565.0,1197.0,23643.0,8873.0,14770.0,9.2,19.5,0.329,0.425,0.754,32.1,65.1,87.2,0.6358024691358025
101,102.0,33.0,162.0,7.27,3.45,1.29,0.309,70.6,43.1,13.0,4.95,4.66,6.7,43.4,5.16,18.4,8.7,787.0,2.11,9.7,5505.0,6063.0,1350.0,883.0,283.0,29.0,155.0,638.0,606.0,427.0,1310.0,23328.0,8275.0,15053.0,7.0,21.6,0.305,0.392,0.697,7.8,68.9,86.5,0.35802469135802467
102,103.0,35.0,162.0,8.68,3.42,1.28,0.294,74.1,42.1,14.1,4.15,4.36,12.2,42.0,4.76,22.7,8.9,663.0,2.54,13.8,5472.0,6108.0,1323.0,837.0,249.0,23.0,214.0,721.0,690.0,514.0,1300.0,23751.0,8769.0,14982.0,8.4,21.3,0.313,0.413,0.726,20.1,65.8,85.8,0.49382716049382713
103,104.0,48.0,163.0,9.54,2.57,1.09,0.284,76.2,44.9,13.4,3.4,3.6,19.0,44.5,3.77,25.7,6.9,557.0,3.71,18.8,5572.0,6358.0,1394.0,830.0,296.0,33.0,235.0,804.0,756.0,647.0,1436.0,25643.0,9654.0,15989.0,10.2,22.6,0.333,0.442,0.774,34.1,64.5,84.1,0.5644171779141104
104,105.0,30.0,161.0,7.8,3.78,1.2,0.29,69.9,40.9,12.1,4.76,4.57,2.4,42.4,4.69,20.0,9.7,763.0,2.06,10.3,5488.0,6083.0,1303.0,929.0,222.0,24.0,128.0,589.0,554.0,455.0,1384.0,23549.0,8303.0,15246.0,7.5,22.8,0.303,0.357,0.659,10.6,65.1,86.0,0.391304347826087
105,106.0,49.0,163.0,8.8,3.41,1.07,0.279,74.4,43.2,12.5,3.73,4.01,14.5,42.7,4.45,23.4,9.0,606.0,2.58,14.3,5542.0,6210.0,1398.0,904.0,252.0,24.0,218.0,754.0,711.0,537.0,1458.0,24233.0,8694.0,15539.0,8.6,23.5,0.323,0.424,0.747,28.4,65.6,84.9,0.588957055214724
106,107.0,37.0,162.0,8.59,3.57,1.23,0.302,72.4,41.6,13.2,4.5,4.39,11.4,41.0,4.89,21.9,9.1,722.0,2.4,12.8,5526.0,6154.0,1379.0,874.0,317.0,22.0,166.0,738.0,704.0,534.0,1328.0,24509.0,8979.0,15530.0,8.7,21.6,0.318,0.405,0.723,16.7,65.7,87.2,0.48148148148148145
107,108.0,41.0,162.0,8.91,2.98,1.14,0.295,73.0,42.1,12.2,4.07,3.97,17.9,44.7,4.0,23.4,7.8,661.0,2.99,15.6,5468.0,6177.0,1282.0,813.0,265.0,34.0,170.0,676.0,649.0,566.0,1404.0,24156.0,8739.0,15417.0,9.2,22.7,0.312,0.389,0.701,16.4,67.5,84.7,0.47530864197530864
108,109.0,49.0,162.0,10.1,3.05,1.09,0.3,73.9,42.9,12.9,3.78,3.63,24.5,41.6,3.99,26.6,8.0,611.0,3.31,18.6,5515.0,6271.0,1374.0,815.0,269.0,23.0,267.0,851.0,821.0,625.0,1421.0,25145.0,9582.0,15563.0,10.0,22.7,0.329,0.451,0.781,29.9,66.3,85.2,0.6172839506172839
109,110.0,44.0,162.0,7.6,2.91,1.13,0.27,73.5,43.6,12.2,3.82,4.18,13.5,43.0,4.35,20.3,7.8,622.0,2.61,12.5,5579.0,6255.0,1407.0,838.0,322.0,20.0,227.0,813.0,778.0,550.0,1381.0,24930.0,9281.0,15649.0,8.8,22.1,0.325,0.439,0.764,30.3,68.7,85.2,0.5987654320987654
110,111.0,44.0,162.0,9.12,3.11,1.06,0.303,71.0,45.4,12.4,4.15,3.83,19.7,44.8,4.07,23.9,8.1,666.0,2.93,15.7,5424.0,6136.0,1270.0,813.0,241.0,30.0,186.0,677.0,653.0,582.0,1520.0,24615.0,8956.0,15659.0,9.5,24.8,0.314,0.393,0.707,13.3,66.0,84.3,0.49382716049382713
111,112.0,40.0,161.0,8.38,3.12,1.09,0.296,73.6,43.4,12.1,4.0,4.06,14.9,44.5,4.45,21.7,8.1,638.0,2.69,13.7,5447.0,6066.0,1381.0,896.0,290.0,38.0,157.0,692.0,665.0,474.0,1229.0,23553.0,8377.0,15176.0,7.8,20.3,0.317,0.407,0.725,19.2,69.2,86.0,0.5093167701863354
112,113.0,36.0,162.0,8.64,3.21,1.14,0.305,71.1,44.4,13.6,4.41,4.1,12.4,43.9,4.54,22.4,8.3,714.0,2.7,14.1,5486.0,6059.0,1289.0,847.0,250.0,30.0,162.0,617.0,583.0,471.0,1523.0,23771.0,8358.0,15413.0,7.8,25.1,0.297,0.38,0.677,9.6,66.6,83.6,0.4074074074074074
113,114.0,60.0,162.0,8.25,2.49,1.21,0.295,72.5,42.5,12.7,4.13,4.05,16.5,43.7,4.21,21.9,6.6,664.0,3.32,15.3,5513.0,6087.0,1402.0,938.0,256.0,32.0,176.0,677.0,644.0,430.0,1221.0,23088.0,8306.0,14782.0,7.1,20.1,0.314,0.408,0.722,19.1,67.0,88.2,0.5493827160493827
114,115.0,36.0,162.0,7.82,3.23,0.96,0.293,72.3,44.5,11.0,3.95,3.98,14.1,43.4,4.33,20.5,8.5,642.0,2.42,12.0,5541.0,6113.0,1324.0,906.0,255.0,30.0,133.0,603.0,573.0,448.0,1467.0,23812.0,8411.0,15401.0,7.3,24.0,0.3,0.368,0.667,6.0,68.5,84.4,0.4506172839506173
115,116.0,43.0,162.0,8.27,3.67,0.89,0.293,73.0,44.6,10.5,3.85,3.97,14.4,43.9,4.33,21.3,9.5,623.0,2.25,11.9,5498.0,6200.0,1369.0,907.0,248.0,9.0,205.0,759.0,725.0,525.0,1380.0,24262.0,8868.0,15394.0,8.5,22.3,0.321,0.409,0.73,21.5,65.6,86.0,0.5432098765432098
116,117.0,52.0,162.0,8.83,3.11,1.02,0.278,73.3,43.9,11.5,3.75,3.82,17.4,43.3,3.88,23.7,8.4,603.0,2.84,15.4,5475.0,6195.0,1415.0,948.0,274.0,43.0,150.0,716.0,664.0,540.0,1388.0,23677.0,8666.0,15011.0,8.7,22.4,0.333,0.406,0.74,23.1,69.0,84.8,0.5555555555555556
117,118.0,42.0,162.0,7.05,3.09,1.4,0.299,69.6,43.0,14.1,4.92,4.79,10.9,42.9,5.76,18.0,7.9,783.0,2.28,10.1,5453.0,6163.0,1308.0,824.0,266.0,24.0,194.0,737.0,696.0,555.0,1484.0,24519.0,9009.0,15510.0,9.0,24.1,0.318,0.404,0.722,11.2,64.5,84.8,0.41358024691358025
118,119.0,39.0,162.0,8.15,3.46,1.31,0.306,70.0,42.5,12.7,4.85,4.53,8.5,41.3,4.62,20.7,8.8,773.0,2.36,11.9,5477.0,6076.0,1336.0,783.0,320.0,16.0,217.0,709.0,680.0,499.0,1387.0,23482.0,8507.0,14975.0,8.2,22.8,0.312,0.427,0.739,14.9,68.3,85.0,0.4506172839506173
119,120.0,40.0,162.0,8.82,3.03,1.23,0.287,74.8,41.2,12.8,4.04,4.15,16.4,43.7,4.47,23.3,8.0,649.0,2.91,15.3,5517.0,6288.0,1402.0,902.0,284.0,25.0,191.0,771.0,737.0,631.0,1289.0,24645.0,9075.0,15570.0,10.0,20.5,0.335,0.419,0.753,23.7,67.3,85.8,0.5061728395061729
120,121.0,45.0,162.0,8.77,3.17,1.35,0.295,74.0,43.1,15.2,4.25,4.4,12.9,39.9,4.83,22.9,8.3,691.0,2.77,14.6,5633.0,6315.0,1419.0,871.0,288.0,40.0,220.0,813.0,778.0,540.0,1360.0,24414.0,8680.0,15734.0,8.6,21.5,0.323,0.434,0.757,23.6,68.3,85.4,0.5246913580246914
121,122.0,44.0,162.0,8.64,3.4,1.26,0.302,73.8,45.2,15.0,4.2,4.39,12.4,39.9,4.91,22.3,8.8,677.0,2.54,13.5,5560.0,6302.0,1432.0,877.0,277.0,29.0,249.0,855.0,824.0,619.0,1467.0,24951.0,9233.0,15718.0,9.8,23.3,0.336,0.452,0.789,27.6,71.2,82.4,0.5987654320987654
122,123.0,27.0,162.0,7.78,3.5,1.9,0.295,68.5,40.5,17.4,5.67,5.56,6.9,41.4,5.8,19.5,8.8,909.0,2.22,10.7,5596.0,6189.0,1379.0,889.0,252.0,25.0,213.0,729.0,698.0,462.0,1435.0,24561.0,8725.0,15836.0,7.5,23.2,0.31,0.415,0.725,5.7,69.3,84.3,0.3333333333333333
123,124.0,33.0,162.0,9.99,3.7,1.32,0.312,70.8,42.6,14.4,4.7,4.28,16.5,40.5,4.65,25.5,9.5,768.0,2.7,16.1,5770.0,6475.0,1554.0,937.0,345.0,27.0,245.0,901.0,857.0,590.0,1382.0,25427.0,9214.0,16213.0,9.1,21.3,0.34,0.466,0.806,28.0,69.6,84.7,0.5185185185185185
124,125.0,38.0,162.0,9.01,3.33,1.22,0.3,74.1,45.9,15.0,4.1,4.25,16.9,41.2,4.7,23.3,8.6,657.0,2.7,14.7,5461.0,6195.0,1378.0,826.0,270.0,26.0,256.0,814.0,783.0,581.0,1460.0,24026.0,8782.0,15244.0,9.4,23.6,0.331,0.452,0.783,25.6,68.4,83.4,0.5185185185185185
125,126.0,33.0,161.0,8.36,3.71,1.52,0.302,71.3,43.2,15.9,4.91,4.89,13.2,43.1,5.08,21.3,9.4,770.0,2.25,11.9,5529.0,6042.0,1443.0,981.0,260.0,20.0,182.0,708.0,676.0,378.0,1549.0,23538.0,8086.0,15452.0,6.3,25.6,0.314,0.414,0.728,11.3,68.7,84.4,0.4472049689440994
126,127.0,46.0,162.0,9.71,3.35,1.34,0.286,73.7,44.3,16.4,4.18,4.23,19.8,39.8,4.78,25.6,8.8,668.0,2.9,16.8,5450.0,6100.0,1328.0,839.0,235.0,27.0,227.0,701.0,679.0,492.0,1436.0,23703.0,8393.0,15310.0,8.1,23.5,0.315,0.422,0.736,10.8,70.3,85.1,0.46296296296296297
127,128.0,42.0,162.0,9.44,2.82,1.3,0.291,76.0,39.7,13.6,3.79,4.06,21.0,41.6,4.34,25.1,7.5,606.0,3.35,17.6,5425.0,6124.0,1354.0,827.0,286.0,18.0,223.0,769.0,731.0,563.0,1332.0,24072.0,9113.0,14959.0,9.2,21.8,0.323,0.432,0.756,23.4,69.4,86.0,0.5740740740740741
128,129.0,28.0,162.0,7.85,3.66,1.68,0.308,68.5,46.1,19.0,5.58,5.23,6.0,42.9,6.44,19.7,9.2,898.0,2.15,10.5,5660.0,6288.0,1502.0,914.0,323.0,41.0,224.0,835.0,803.0,489.0,1503.0,24193.0,8629.0,15564.0,7.8,23.9,0.326,0.456,0.782,11.8,70.4,84.4,0.4382716049382716
129,130.0,31.0,161.0,8.59,3.37,1.57,0.317,68.8,42.7,15.9,5.26,4.84,10.3,42.0,5.06,21.6,8.5,837.0,2.55,13.1,5549.0,6039.0,1333.0,851.0,292.0,41.0,149.0,582.0,556.0,391.0,1595.0,23506.0,7884.0,15622.0,6.5,26.4,0.294,0.388,0.682,-2.0,68.8,83.2,0.2919254658385093
130,131.0,47.0,162.0,10.28,2.76,1.42,0.27,76.8,43.6,16.7,3.66,3.98,24.2,42.5,4.03,27.9,7.5,595.0,3.73,20.4,5613.0,6394.0,1538.0,899.0,323.0,28.0,288.0,920.0,891.0,645.0,1166.0,24710.0,9349.0,15361.0,10.1,18.2,0.352,0.495,0.848,42.0,66.3,88.4,0.6604938271604939
131,132.0,37.0,162.0,7.77,3.68,1.4,0.311,70.2,43.9,14.7,5.2,4.9,7.9,41.8,5.38,19.5,9.2,824.0,2.11,10.3,5496.0,6080.0,1356.0,873.0,281.0,40.0,162.0,691.0,655.0,456.0,1405.0,23471.0,8389.0,15082.0,7.5,23.1,0.309,0.401,0.71,6.7,69.2,86.2,0.36419753086419754
132,133.0,32.0,162.0,8.76,3.59,1.67,0.29,70.9,40.4,17.0,5.12,5.04,7.5,42.2,5.44,22.3,9.2,820.0,2.44,13.2,5542.0,6251.0,1368.0,859.0,268.0,21.0,220.0,769.0,734.0,586.0,1276.0,24919.0,9329.0,15590.0,9.4,20.4,0.324,0.422,0.746,17.1,63.0,86.2,0.4444444444444444
133,134.0,44.0,162.0,9.46,2.44,1.15,0.271,74.7,44.9,14.1,3.39,3.73,25.4,42.8,3.85,25.7,6.6,545.0,3.88,19.1,5493.0,6281.0,1414.0,813.0,302.0,20.0,279.0,886.0,861.0,607.0,1356.0,24980.0,9389.0,15591.0,9.7,21.6,0.338,0.472,0.81,34.3,67.5,85.2,0.654320987654321
134,135.0,27.0,162.0,8.59,3.83,1.47,0.281,72.1,38.3,14.2,4.74,4.89,5.8,41.7,4.88,22.1,9.8,760.0,2.24,12.2,5512.0,6045.0,1326.0,897.0,265.0,18.0,146.0,615.0,593.0,395.0,1469.0,23101.0,7925.0,15176.0,6.5,24.3,0.298,0.375,0.673,1.9,67.0,85.6,0.35185185185185186
135,136.0,50.0,162.0,9.23,3.52,1.39,0.292,73.1,42.2,15.6,4.4,4.46,12.5,40.4,4.88,23.9,9.1,714.0,2.63,14.8,5542.0,6309.0,1366.0,820.0,279.0,17.0,250.0,769.0,744.0,629.0,1563.0,25312.0,9400.0,15912.0,10.0,24.8,0.329,0.438,0.767,23.5,66.6,84.1,0.5493827160493827
136,137.0,50.0,162.0,9.0,2.78,1.22,0.309,71.8,41.8,13.4,4.18,4.03,23.7,42.0,4.49,23.4,7.2,680.0,3.24,16.2,5732.0,6392.0,1547.0,899.0,318.0,23.0,307.0,939.0,906.0,525.0,1334.0,24562.0,9035.0,15527.0,8.2,20.9,0.338,0.494,0.832,31.7,70.8,85.8,0.6234567901234568
137,138.0,38.0,162.0,9.36,3.08,1.26,0.304,73.1,43.4,13.9,4.25,4.1,19.8,43.0,3.99,24.4,8.0,690.0,3.04,16.4,5624.0,6290.0,1445.0,906.0,280.0,17.0,242.0,791.0,767.0,516.0,1384.0,23833.0,8460.0,15373.0,8.2,22.0,0.328,0.442,0.77,24.6,72.1,84.6,0.5308641975308642
138,139.0,50.0,162.0,9.57,3.16,1.55,0.296,75.2,42.4,16.8,4.31,4.47,17.9,40.8,4.6,25.0,8.3,691.0,3.03,16.7,5583.0,6245.0,1493.0,880.0,290.0,17.0,306.0,943.0,904.0,569.0,1437.0,25306.0,9396.0,15910.0,9.1,23.0,0.339,0.49,0.829,30.7,68.7,85.0,0.6358024691358025
139,140.0,45.0,162.0,7.98,2.93,1.23,0.278,75.1,41.5,12.6,3.97,4.34,18.8,43.5,4.42,21.1,7.8,646.0,2.72,13.4,5561.0,6269.0,1384.0,812.0,292.0,23.0,257.0,845.0,800.0,578.0,1338.0,24972.0,9350.0,15622.0,9.2,21.3,0.327,0.448,0.776,26.4,68.4,84.9,0.5987654320987654
140,141.0,36.0,162.0,8.62,3.38,1.6,0.298,74.7,43.1,17.9,4.53,4.88,8.5,41.3,5.4,22.2,8.7,732.0,2.55,13.5,5571.0,6261.0,1369.0,817.0,311.0,26.0,215.0,774.0,742.0,562.0,1453.0,24905.0,8983.0,15922.0,9.0,23.2,0.319,0.427,0.746,17.8,67.9,84.5,0.5
141,142.0,31.0,162.0,9.02,3.65,1.51,0.315,68.9,42.2,15.7,5.19,4.78,8.7,42.6,4.98,22.6,9.1,830.0,2.47,13.4,5657.0,6228.0,1497.0,981.0,315.0,38.0,163.0,758.0,722.0,425.0,1213.0,23525.0,8368.0,15157.0,6.8,19.5,0.321,0.42,0.741,12.8,72.3,86.9,0.42592592592592593
142,143.0,47.0,162.0,9.27,2.91,1.35,0.299,70.0,43.0,14.8,4.63,4.22,15.2,42.2,4.31,23.9,7.5,737.0,3.19,16.4,5391.0,6019.0,1281.0,814.0,224.0,24.0,219.0,682.0,652.0,504.0,1581.0,23576.0,8498.0,15078.0,8.4,26.3,0.308,0.41,0.718,10.8,67.0,83.8,0.43209876543209874
143,144.0,34.0,162.0,7.75,3.16,1.63,0.291,68.4,43.4,16.4,5.0,5.0,5.4,42.7,4.98,19.8,8.1,799.0,2.45,11.7,5500.0,6199.0,1305.0,784.0,254.0,28.0,239.0,758.0,730.0,588.0,1581.0,25523.0,9597.0,15926.0,9.5,25.5,0.316,0.424,0.74,17.4,66.7,82.9,0.41975308641975306
144,145.0,41.0,162.0,8.38,3.18,1.39,0.286,72.6,42.2,15.1,4.38,4.55,8.3,42.1,4.8,21.9,8.3,715.0,2.64,13.6,5579.0,6170.0,1332.0,839.0,300.0,26.0,167.0,678.0,655.0,475.0,1435.0,23979.0,8408.0,15571.0,7.7,23.3,0.302,0.392,0.694,8.9,70.7,84.4,0.47530864197530864
145,146.0,52.0,162.0,8.72,3.4,1.19,0.283,75.8,44.9,14.5,3.82,4.27,14.9,42.5,4.49,23.1,9.0,613.0,2.57,14.1,5449.0,6167.0,1336.0,856.0,246.0,24.0,210.0,764.0,714.0,561.0,1420.0,24719.0,8996.0,15723.0,9.1,23.0,0.322,0.415,0.737,22.7,67.4,84.8,0.5617283950617284
146,147.0,46.0,162.0,9.9,2.77,1.1,0.29,73.7,44.1,13.4,3.67,3.65,24.5,43.0,3.69,26.6,7.4,602.0,3.58,19.2,5628.0,6285.0,1427.0,890.0,291.0,29.0,217.0,769.0,730.0,542.0,1493.0,24922.0,9114.0,15808.0,8.6,23.8,0.325,0.431,0.757,25.9,69.5,84.5,0.5925925925925926
147,148.0,33.0,162.0,8.63,3.65,1.51,0.312,70.5,41.8,15.4,5.09,4.84,14.2,43.2,5.6,21.7,9.2,813.0,2.37,12.5,5540.0,6204.0,1374.0,831.0,296.0,24.0,223.0,810.0,765.0,534.0,1578.0,25074.0,9162.0,15912.0,8.6,25.4,0.319,0.431,0.75,8.7,66.0,84.0,0.48148148148148145
148,149.0,33.0,162.0,8.32,3.77,1.42,0.3,71.8,43.1,14.9,4.79,4.82,8.9,39.9,5.02,21.1,9.6,767.0,2.21,11.5,5493.0,6091.0,1299.0,761.0,270.0,21.0,247.0,726.0,697.0,509.0,1514.0,24052.0,8727.0,15325.0,8.4,24.9,0.305,0.428,0.733,11.8,67.9,84.5,0.41358024691358025
149,150.0,40.0,162.0,9.45,3.23,1.26,0.296,73.0,42.6,13.9,4.28,4.14,21.7,41.1,4.44,24.6,8.4,684.0,2.92,16.2,5512.0,6267.0,1460.0,904.0,298.0,27.0,231.0,873.0,824.0,584.0,1308.0,24645.0,9097.0,15548.0,9.3,20.9,0.342,0.454,0.796,28.2,67.3,87.5,0.5740740740740741
150,151.0,13.0,60.0,9.1,4.08,1.61,0.294,74.0,38.4,15.7,4.84,5.0,1.1,40.9,5.36,23.0,10.3,279.0,2.23,12.7,1997.0,2238.0,482.0,311.0,101.0,12.0,58.0,269.0,255.0,181.0,461.0,8668.0,3093.0,5575.0,8.1,20.6,0.312,0.391,0.704,5.7,68.1,84.7,0.4166666666666667
151,152.0,13.0,60.0,8.69,3.78,1.18,0.294,70.6,43.7,13.2,4.46,4.42,4.0,40.0,4.83,22.2,9.7,260.0,2.3,12.6,2074.0,2344.0,556.0,320.0,130.0,3.0,103.0,348.0,338.0,239.0,573.0,9236.0,3410.0,5826.0,10.2,24.4,0.349,0.483,0.832,12.6,71.7,82.1,0.5833333333333334
152,153.0,11.0,60.0,8.45,3.33,1.37,0.282,69.7,42.6,14.6,4.51,4.6,6.5,42.8,5.08,21.7,8.5,260.0,2.54,13.1,2026.0,2242.0,523.0,337.0,102.0,7.0,77.0,274.0,264.0,164.0,514.0,8757.0,3040.0,5717.0,7.3,22.9,0.321,0.429,0.75,3.7,70.7,83.6,0.4166666666666667
153,154.0,14.0,60.0,9.22,4.33,1.68,0.332,70.8,42.9,18.9,5.58,5.19,0.1,41.2,6.08,22.5,10.5,325.0,2.13,11.9,2083.0,2304.0,552.0,346.0,118.0,7.0,81.0,292.0,278.0,187.0,545.0,9082.0,3257.0,5825.0,8.1,23.7,0.33,0.445,0.775,7.3,69.2,84.2,0.4
154,155.0,16.0,60.0,9.08,3.16,1.28,0.278,75.0,45.0,16.0,3.99,4.18,6.5,40.8,4.6,24.3,8.5,230.0,2.87,15.8,1918.0,2214.0,422.0,258.0,82.0,8.0,74.0,265.0,248.0,229.0,568.0,9086.0,3464.0,5622.0,10.3,25.7,0.318,0.387,0.705,7.9,64.1,83.6,0.5666666666666667
155,156.0,13.0,60.0,8.93,3.71,1.21,0.269,75.1,44.2,14.5,3.81,4.32,6.6,39.7,4.79,23.4,9.7,223.0,2.41,13.7,2047.0,2267.0,534.0,338.0,94.0,6.0,96.0,306.0,294.0,179.0,571.0,9019.0,3225.0,5794.0,7.9,25.2,0.326,0.453,0.779,13.3,67.1,82.8,0.5833333333333334
156,157.0,9.0,60.0,10.98,3.8,1.2,0.278,72.8,43.2,14.6,3.89,3.92,10.1,39.6,4.32,28.9,10.0,218.0,2.89,18.9,1842.0,2123.0,390.0,221.0,76.0,3.0,90.0,243.0,237.0,239.0,534.0,8771.0,3375.0,5396.0,11.3,25.2,0.312,0.403,0.715,3.7,66.4,84.0,0.5166666666666667
157,158.0,20.0,60.0,10.43,2.64,1.14,0.285,78.5,40.5,13.4,3.29,3.55,11.2,40.6,3.9,28.5,7.2,196.0,3.96,21.3,1959.0,2247.0,446.0,286.0,96.0,5.0,59.0,248.0,234.0,239.0,517.0,9293.0,3620.0,5673.0,10.6,23.0,0.317,0.372,0.689,7.5,67.3,84.7,0.5833333333333334
158,159.0,16.0,60.0,6.72,3.51,1.42,0.307,66.5,44.5,15.0,5.59,5.14,3.5,42.0,6.53,16.8,8.8,327.0,1.92,8.1,2057.0,2257.0,528.0,365.0,84.0,16.0,63.0,275.0,264.0,161.0,543.0,8803.0,3090.0,5713.0,7.1,24.1,0.311,0.405,0.716,1.8,69.4,84.9,0.43333333333333335
159,160.0,11.0,58.0,8.12,3.51,1.66,0.297,68.7,42.2,17.1,5.63,5.17,0.9,39.6,5.51,20.4,8.8,308.0,2.31,11.6,1893.0,2076.0,463.0,311.0,78.0,12.0,62.0,249.0,242.0,147.0,567.0,8257.0,2888.0,5369.0,7.1,27.3,0.303,0.397,0.7,5.4,69.6,83.7,0.39655172413793105
160,161.0,16.0,60.0,9.03,3.73,1.2,0.288,71.5,44.2,14.0,4.31,4.33,6.3,41.6,4.62,23.5,9.7,251.0,2.42,13.8,1992.0,2229.0,478.0,294.0,103.0,12.0,69.0,279.0,268.0,192.0,440.0,8548.0,3132.0,5416.0,8.6,19.7,0.312,0.408,0.72,5.8,68.4,87.8,0.48333333333333334
161,162.0,19.0,60.0,9.0,3.67,1.32,0.303,73.9,44.4,15.0,4.3,4.5,4.1,42.1,4.94,23.2,9.4,247.0,2.45,13.7,1988.0,2200.0,485.0,313.0,97.0,7.0,68.0,248.0,237.0,172.0,527.0,8625.0,3153.0,5472.0,7.8,24.0,0.309,0.402,0.711,7.1,69.2,83.6,0.43333333333333335
162,163.0,12.0,60.0,8.96,3.41,1.4,0.287,65.5,39.4,14.0,5.09,4.49,5.4,42.6,4.85,23.2,8.8,297.0,2.63,14.4,2020.0,2308.0,501.0,311.0,97.0,8.0,85.0,294.0,285.0,239.0,490.0,9114.0,3399.0,5715.0,10.4,21.2,0.332,0.43,0.763,7.2,63.1,85.5,0.43333333333333335
163,164.0,15.0,60.0,8.64,2.42,1.1,0.252,75.8,46.3,13.2,3.02,3.79,8.9,45.3,3.87,23.8,6.7,181.0,3.57,17.1,2042.0,2316.0,523.0,302.0,97.0,6.0,118.0,349.0,327.0,228.0,471.0,9011.0,3453.0,5558.0,9.8,20.3,0.338,0.483,0.821,13.0,69.2,85.4,0.7166666666666667
164,165.0,18.0,60.0,8.05,4.04,1.46,0.297,70.6,45.2,15.7,4.86,5.02,2.4,41.9,5.06,20.4,10.2,272.0,2.0,10.2,1935.0,2167.0,472.0,325.0,82.0,5.0,60.0,263.0,247.0,191.0,537.0,8547.0,3173.0,5374.0,8.8,24.8,0.319,0.384,0.703,2.3,66.1,83.3,0.5166666666666667
165,166.0,14.0,60.0,10.68,3.29,1.17,0.296,70.5,46.6,15.2,4.18,3.8,9.1,38.6,3.98,28.1,8.6,240.0,3.25,19.4,1920.0,2188.0,429.0,266.0,83.0,5.0,75.0,247.0,238.0,221.0,582.0,8826.0,3374.0,5452.0,10.1,26.6,0.313,0.389,0.702,4.8,65.9,82.8,0.48333333333333334
166,167.0,17.0,60.0,9.38,2.98,1.09,0.288,76.8,40.8,12.1,3.58,3.79,9.4,40.9,4.08,25.1,8.0,204.0,3.15,17.1,1937.0,2168.0,468.0,293.0,81.0,3.0,91.0,269.0,258.0,186.0,528.0,8664.0,3233.0,5431.0,8.6,24.4,0.315,0.427,0.743,9.8,67.6,85.1,0.6
167,168.0,11.0,60.0,10.06,3.84,1.42,0.316,69.9,41.7,15.8,5.01,4.46,5.0,39.5,4.49,25.4,9.7,286.0,2.62,15.7,2023.0,2279.0,551.0,352.0,106.0,7.0,86.0,286.0,278.0,197.0,498.0,8801.0,3184.0,5617.0,8.6,21.9,0.348,0.459,0.807,10.2,71.7,85.9,0.43333333333333335
168,169.0,14.0,60.0,9.49,3.02,1.49,0.28,71.1,42.9,16.0,4.35,4.39,5.6,41.5,4.47,24.8,7.9,242.0,3.14,16.9,1915.0,2210.0,473.0,285.0,87.0,7.0,94.0,315.0,301.0,251.0,480.0,9021.0,3587.0,5434.0,11.4,21.7,0.342,0.447,0.789,10.1,67.3,84.7,0.55
169,170.0,17.0,60.0,8.84,2.88,1.21,0.285,75.6,41.2,12.3,3.77,4.02,7.5,42.6,3.93,23.4,7.6,216.0,3.07,15.8,1908.0,2201.0,430.0,257.0,91.0,11.0,71.0,274.0,264.0,238.0,524.0,8848.0,3392.0,5456.0,10.8,23.8,0.322,0.396,0.718,8.3,66.4,83.8,0.6
170,171.0,11.0,60.0,9.63,3.35,1.45,0.343,69.4,46.6,18.6,5.2,4.43,5.8,40.3,5.02,24.2,8.4,287.0,2.88,15.8,1948.0,2223.0,500.0,318.0,90.0,10.0,82.0,306.0,289.0,229.0,480.0,8683.0,3280.0,5403.0,10.3,21.6,0.342,0.439,0.781,6.3,68.7,84.8,0.4666666666666667
171,172.0,6.0,60.0,9.4,4.37,1.4,0.28,70.2,43.4,16.2,4.68,4.8,2.9,38.9,5.07,24.1,11.2,267.0,2.15,12.9,1932.0,2134.0,425.0,284.0,76.0,6.0,59.0,219.0,210.0,167.0,521.0,8352.0,3069.0,5283.0,7.8,24.4,0.284,0.357,0.641,1.4,69.3,84.5,0.31666666666666665
172,173.0,13.0,60.0,9.77,2.94,1.21,0.29,74.0,42.5,14.1,3.87,3.88,8.3,42.4,4.01,26.2,7.9,224.0,3.32,18.3,1972.0,2231.0,506.0,296.0,103.0,12.0,95.0,325.0,312.0,204.0,479.0,8724.0,3264.0,5460.0,9.1,21.5,0.333,0.466,0.798,13.3,65.9,85.8,0.6166666666666667
173,174.0,15.0,60.0,8.17,4.01,1.38,0.281,69.9,40.3,13.5,5.03,4.91,3.2,42.8,4.89,20.9,10.2,289.0,2.04,10.6,1929.0,2181.0,435.0,282.0,88.0,5.0,60.0,254.0,244.0,207.0,545.0,8698.0,3260.0,5438.0,9.5,25.0,0.309,0.37,0.678,5.5,64.9,82.8,0.45
174,175.0,13.0,60.0,8.48,3.65,1.2,0.281,67.8,38.8,12.1,4.64,4.45,3.8,42.4,4.78,21.8,9.4,267.0,2.32,12.4,2019.0,2259.0,532.0,330.0,107.0,14.0,81.0,299.0,290.0,195.0,499.0,8768.0,3122.0,5646.0,8.6,22.1,0.335,0.451,0.785,9.9,69.8,84.2,0.48333333333333334
175,176.0,13.0,58.0,8.83,3.88,1.31,0.25,74.0,44.4,15.4,3.92,4.58,3.7,41.0,4.67,23.3,10.3,206.0,2.27,13.1,1752.0,2011.0,410.0,279.0,73.0,7.0,51.0,240.0,231.0,205.0,477.0,8189.0,3137.0,5052.0,10.2,23.7,0.323,0.371,0.694,7.5,65.4,83.8,0.5172413793103449
176,177.0,23.0,60.0,9.42,2.87,1.19,0.291,77.2,45.1,14.9,3.56,3.94,7.1,41.9,4.15,25.0,7.6,209.0,3.29,17.4,1975.0,2261.0,470.0,273.0,105.0,12.0,80.0,289.0,274.0,243.0,608.0,9199.0,3529.0,5670.0,10.7,26.9,0.328,0.425,0.753,9.5,66.8,80.5,0.6666666666666666
177,178.0,10.0,60.0,8.52,4.11,1.41,0.277,68.6,40.6,14.0,5.02,4.88,2.9,42.5,5.1,21.5,10.4,288.0,2.07,11.1,1936.0,2147.0,420.0,269.0,80.0,9.0,62.0,224.0,204.0,167.0,548.0,8428.0,3022.0,5406.0,7.8,25.5,0.285,0.364,0.648,0.3,67.0,82.2,0.36666666666666664
178,179.0,17.0,60.0,8.9,4.29,1.39,0.302,70.3,43.1,14.9,4.63,4.73,4.0,39.5,5.15,22.5,10.8,270.0,2.08,11.7,2023.0,2263.0,516.0,320.0,104.0,4.0,88.0,302.0,288.0,203.0,508.0,8760.0,3246.0,5514.0,9.0,22.4,0.325,0.441,0.766,5.0,69.4,84.1,0.5333333333333333
179,180.0,12.0,60.0,9.08,3.86,1.68,0.317,74.1,37.9,16.3,5.09,5.02,2.9,41.0,5.59,22.3,9.5,285.0,2.35,12.8,1968.0,2218.0,519.0,329.0,112.0,12.0,66.0,293.0,279.0,192.0,451.0,8813.0,3177.0,5636.0,8.7,20.3,0.336,0.433,0.769,4.3,68.8,87.0,0.43333333333333335
180,181.0,22.0,162.0,7.86,3.52,1.47,0.299,68.2,40.2,13.8,5.15,4.88,3.3,43.7,5.2,19.7,8.9,811.0,2.23,10.9,5489.0,6144.0,1297.0,814.0,308.0,31.0,144.0,679.0,644.0,537.0,1465.0,24204.0,8669.0,15535.0,8.7,23.8,0.309,0.382,0.692,10.9,66.7,84.6,0.32098765432098764
181,182.0,40.0,161.0,9.04,3.29,1.17,0.28,74.4,43.7,13.5,3.89,4.09,15.5,42.3,4.53,23.8,8.7,610.0,2.75,15.2,5363.0,6056.0,1307.0,779.0,269.0,20.0,239.0,790.0,762.0,549.0,1453.0,23528.0,8515.0,15013.0,9.1,24.0,0.319,0.435,0.754,24.0,73.5,83.1,0.546583850931677
182,183.0,26.0,162.0,7.92,3.61,1.66,0.305,66.7,39.7,15.1,5.85,5.15,7.8,43.3,5.49,19.7,9.0,911.0,2.19,10.7,5420.0,5983.0,1296.0,820.0,266.0,15.0,195.0,659.0,632.0,451.0,1454.0,23610.0,8280.0,15330.0,7.5,24.3,0.304,0.402,0.705,6.6,68.8,83.9,0.32098765432098764
183,184.0,49.0,162.0,9.68,3.46,1.12,0.323,71.9,44.2,12.6,4.27,3.95,19.9,42.9,4.4,24.8,8.9,674.0,2.8,16.0,5495.0,6122.0,1434.0,862.0,330.0,23.0,219.0,829.0,783.0,512.0,1386.0,23976.0,8485.0,15491.0,8.4,22.6,0.328,0.449,0.777,21.6,69.9,83.6,0.5679012345679012
184,185.0,40.0,162.0,8.65,3.8,1.5,0.294,70.9,44.8,17.2,4.88,4.88,3.8,40.3,5.24,21.9,9.6,766.0,2.28,12.3,5306.0,5972.0,1255.0,794.0,225.0,26.0,210.0,705.0,672.0,502.0,1596.0,23541.0,8505.0,15036.0,8.4,26.7,0.312,0.407,0.719,17.2,67.2,83.6,0.4382716049382716
185,186.0,43.0,162.0,10.18,3.11,1.17,0.288,74.4,41.2,12.8,3.73,3.74,27.6,41.7,3.91,27.1,8.3,581.0,3.27,18.8,5357.0,6084.0,1373.0,886.0,275.0,22.0,190.0,796.0,757.0,586.0,1389.0,23930.0,8640.0,15290.0,9.6,22.8,0.336,0.422,0.758,23.2,68.3,85.6,0.5740740740740741
186,187.0,41.0,162.0,9.56,3.87,1.29,0.297,72.6,44.2,14.8,4.41,4.34,16.9,40.1,4.84,24.6,10.0,703.0,2.47,14.6,5423.0,6162.0,1352.0,822.0,295.0,13.0,222.0,786.0,756.0,553.0,1425.0,24111.0,8861.0,15250.0,9.0,23.1,0.328,0.431,0.759,16.4,69.2,85.5,0.5123456790123457
187,188.0,39.0,162.0,8.89,3.34,1.38,0.282,72.8,42.6,14.7,4.34,4.43,10.7,41.6,4.66,23.3,8.7,679.0,2.66,14.6,5332.0,5907.0,1269.0,796.0,248.0,22.0,203.0,717.0,686.0,453.0,1387.0,23079.0,8262.0,14817.0,7.7,23.5,0.303,0.407,0.71,16.3,68.8,84.2,0.49382716049382713
188,189.0,33.0,161.0,8.18,3.47,1.26,0.302,69.8,44.8,14.3,4.83,4.47,13.8,43.6,5.63,21.0,8.9,749.0,2.35,12.1,5374.0,6007.0,1338.0,847.0,275.0,34.0,182.0,739.0,709.0,491.0,1356.0,22881.0,8007.0,14874.0,8.2,22.6,0.317,0.414,0.731,11.3,70.5,85.1,0.45962732919254656
189,190.0,42.0,162.0,7.98,3.62,1.26,0.289,72.6,44.5,13.2,4.32,4.6,8.8,42.8,4.7,20.4,9.3,681.0,2.2,11.2,5376.0,5979.0,1299.0,847.0,236.0,37.0,179.0,697.0,675.0,490.0,1514.0,23733.0,8409.0,15324.0,8.2,25.3,0.308,0.399,0.707,10.5,69.3,83.2,0.47530864197530864
190,191.0,34.0,162.0,9.07,3.42,1.16,0.275,75.1,44.7,13.6,3.8,4.12,16.9,41.1,4.33,24.0,9.1,610.0,2.65,15.0,5593.0,6291.0,1496.0,962.0,299.0,14.0,221.0,863.0,834.0,569.0,1222.0,24555.0,8982.0,15573.0,9.0,19.4,0.339,0.444,0.783,33.7,66.7,88.0,0.5864197530864198
191,192.0,37.0,162.0,8.53,3.75,1.2,0.301,70.3,42.2,12.6,4.64,4.39,12.7,41.4,4.84,21.9,9.6,731.0,2.27,12.3,5427.0,5993.0,1349.0,906.0,251.0,29.0,163.0,686.0,647.0,421.0,1258.0,22754.0,8035.0,14719.0,7.0,21.0,0.306,0.396,0.702,13.3,72.1,86.0,0.4567901234567901
192,193.0,39.0,162.0,9.2,3.75,1.19,0.305,69.6,44.5,13.5,4.69,4.25,16.0,40.2,4.62,23.5,9.6,741.0,2.45,13.9,5437.0,6016.0,1331.0,853.0,265.0,23.0,190.0,723.0,691.0,464.0,1394.0,23027.0,8001.0,15026.0,7.7,23.2,0.31,0.407,0.717,11.6,67.4,85.4,0.47530864197530864
193,194.0,56.0,162.0,9.91,3.01,1.0,0.26,76.5,44.5,11.8,3.03,3.54,27.1,44.0,3.52,26.9,8.2,489.0,3.29,18.7,5445.0,6239.0,1330.0,822.0,247.0,24.0,237.0,830.0,799.0,613.0,1408.0,24466.0,9124.0,15342.0,9.8,22.6,0.33,0.429,0.759,29.3,68.6,85.0,0.654320987654321
194,195.0,33.0,162.0,8.78,3.36,1.03,0.29,71.6,44.6,12.0,3.96,4.01,15.7,43.1,4.23,22.9,8.8,622.0,2.61,14.1,5348.0,5928.0,1244.0,837.0,226.0,23.0,158.0,623.0,594.0,450.0,1553.0,23267.0,8080.0,15187.0,7.6,26.2,0.298,0.372,0.671,12.1,67.3,84.0,0.41358024691358025
195,196.0,44.0,162.0,10.14,3.37,1.05,0.275,74.7,44.5,13.3,3.5,3.72,23.4,41.0,4.04,27.0,9.0,558.0,3.01,18.0,5362.0,6099.0,1251.0,784.0,255.0,18.0,194.0,738.0,700.0,586.0,1465.0,24078.0,8858.0,15220.0,9.6,24.0,0.317,0.396,0.713,19.1,68.0,84.1,0.5864197530864198
196,197.0,42.0,162.0,8.35,3.07,1.52,0.29,68.9,41.0,15.0,4.83,4.66,6.8,41.5,4.86,21.7,8.0,762.0,2.72,13.7,5431.0,6078.0,1311.0,795.0,271.0,17.0,228.0,729.0,690.0,525.0,1405.0,23515.0,8706.0,14809.0,8.6,23.1,0.314,0.423,0.738,21.3,69.4,84.3,0.4506172839506173
197,198.0,41.0,162.0,9.48,3.1,1.24,0.287,73.2,42.5,13.9,3.9,4.04,16.3,42.9,4.02,25.1,8.2,597.0,3.06,16.9,5210.0,5856.0,1243.0,821.0,228.0,18.0,176.0,636.0,604.0,495.0,1392.0,22385.0,7982.0,14403.0,8.5,23.8,0.315,0.391,0.705,21.6,71.5,84.1,0.47530864197530864
198,199.0,47.0,162.0,9.84,3.08,1.23,0.284,74.0,41.9,12.9,3.76,3.9,21.7,41.1,3.85,26.2,8.2,600.0,3.19,18.0,5331.0,6060.0,1266.0,819.0,213.0,12.0,222.0,711.0,666.0,621.0,1482.0,24803.0,9426.0,15377.0,10.2,24.5,0.322,0.407,0.729,16.5,66.9,83.0,0.5679012345679012
199,200.0,39.0,162.0,8.37,2.76,1.2,0.29,73.7,40.3,11.8,4.02,4.1,14.4,42.8,4.13,22.0,7.2,640.0,3.03,14.7,5395.0,6104.0,1284.0,795.0,271.0,19.0,199.0,743.0,698.0,545.0,1349.0,23968.0,8762.0,15206.0,8.9,22.1,0.317,0.406,0.723,24.6,69.7,85.0,0.5308641975308642
200,201.0,36.0,162.0,9.39,3.23,1.27,0.296,71.4,45.4,14.7,4.39,4.15,17.3,42.0,4.33,24.4,8.4,692.0,2.91,16.0,5366.0,6089.0,1288.0,804.0,262.0,24.0,198.0,734.0,700.0,564.0,1402.0,23823.0,8530.0,15293.0,9.3,23.0,0.318,0.408,0.726,18.6,68.6,83.8,0.5061728395061729
201,202.0,25.0,162.0,8.46,3.91,1.37,0.302,70.1,40.9,13.8,5.08,4.74,5.7,41.6,5.06,21.4,9.9,788.0,2.17,11.5,5336.0,5983.0,1261.0,862.0,240.0,35.0,124.0,609.0,570.0,529.0,1328.0,22994.0,8341.0,14653.0,8.8,22.2,0.309,0.364,0.673,7.2,68.4,87.0,0.3765432098765432
202,203.0,43.0,162.0,9.55,3.25,1.29,0.287,73.6,42.8,14.3,4.1,4.18,13.5,42.7,4.19,25.0,8.5,651.0,2.94,16.5,5384.0,6119.0,1305.0,831.0,273.0,21.0,180.0,729.0,695.0,586.0,1324.0,23760.0,8797.0,14963.0,9.6,21.6,0.321,0.401,0.722,21.1,67.2,86.2,0.4876543209876543
203,204.0,51.0,162.0,8.3,3.03,1.23,0.288,71.1,40.5,12.1,4.3,4.26,14.1,42.9,4.27,21.7,7.9,688.0,2.74,13.8,5355.0,6010.0,1209.0,766.0,233.0,11.0,199.0,697.0,673.0,535.0,1492.0,24050.0,8775.0,15275.0,8.9,24.8,0.303,0.385,0.688,12.3,68.4,83.9,0.5555555555555556
204,205.0,56.0,162.0,8.81,2.57,0.93,0.279,74.9,45.6,10.9,3.25,3.55,22.0,44.3,3.7,23.7,6.9,525.0,3.43,16.8,5462.0,6196.0,1360.0,823.0,271.0,25.0,241.0,804.0,768.0,602.0,1461.0,24617.0,9079.0,15538.0,9.7,23.6,0.329,0.44,0.769,30.9,68.8,84.6,0.6604938271604939
205,206.0,50.0,162.0,7.78,3.86,0.97,0.272,73.2,43.7,10.8,4.0,4.3,12.4,40.8,4.54,20.3,10.1,629.0,2.01,10.2,5351.0,6001.0,1303.0,822.0,261.0,22.0,198.0,706.0,678.0,478.0,1341.0,23222.0,8235.0,14987.0,8.0,22.3,0.313,0.412,0.725,25.6,68.2,84.4,0.5555555555555556
206,207.0,42.0,162.0,9.14,2.7,1.14,0.281,73.7,41.5,12.3,3.67,3.79,18.9,42.4,3.83,24.6,7.3,594.0,3.39,17.4,5507.0,6213.0,1336.0,790.0,288.0,36.0,222.0,857.0,810.0,585.0,1542.0,24326.0,8960.0,15366.0,9.4,24.8,0.321,0.429,0.75,31.5,70.5,81.7,0.6172839506172839
207,208.0,31.0,162.0,7.83,3.24,1.47,0.288,70.3,42.4,14.9,4.8,4.76,5.4,41.7,5.05,20.3,8.4,760.0,2.42,11.9,5405.0,5943.0,1254.0,838.0,225.0,24.0,167.0,625.0,598.0,433.0,1381.0,22926.0,8045.0,14881.0,7.3,23.2,0.294,0.375,0.67,11.9,68.8,83.9,0.37037037037037035
208,209.0,34.0,162.0,9.4,3.03,1.34,0.284,75.5,43.0,14.5,3.91,4.18,14.5,41.7,4.47,24.8,8.0,610.0,3.1,16.8,5476.0,6070.0,1455.0,895.0,285.0,13.0,262.0,846.0,816.0,496.0,1218.0,23254.0,8419.0,14835.0,8.2,20.1,0.33,0.466,0.797,29.8,72.5,86.7,0.5617283950617284
209,210.0,36.0,162.0,8.69,3.54,1.59,0.289,71.0,41.0,16.0,4.82,4.87,6.8,41.9,5.14,22.2,9.0,747.0,2.46,13.1,5385.0,6113.0,1388.0,914.0,272.0,20.0,182.0,724.0,686.0,573.0,1303.0,23472.0,8599.0,14873.0,9.4,21.3,0.337,0.417,0.754,19.9,68.0,86.0,0.4012345679012346
210,211.0,33.0,162.0,7.65,3.17,1.2,0.282,71.2,39.8,11.5,4.25,4.33,7.7,41.6,4.71,20.0,8.3,676.0,2.41,11.7,5351.0,6027.0,1232.0,773.0,262.0,24.0,173.0,702.0,658.0,531.0,1341.0,23541.0,8646.0,14895.0,8.8,22.2,0.304,0.385,0.689,19.8,66.7,85.6,0.4567901234567901
211,212.0,55.0,162.0,9.66,3.11,0.92,0.286,74.6,43.5,10.4,3.46,3.46,22.7,40.7,3.74,25.8,8.3,556.0,3.11,17.5,5509.0,6082.0,1394.0,842.0,298.0,11.0,243.0,789.0,753.0,470.0,1498.0,23936.0,8478.0,15458.0,7.7,24.6,0.317,0.443,0.761,28.9,72.1,82.8,0.6234567901234568
212,213.0,46.0,162.0,7.62,2.78,1.07,0.296,73.2,43.2,10.9,3.97,4.03,11.9,42.6,4.32,20.0,7.3,633.0,2.74,12.7,5429.0,6049.0,1281.0,810.0,275.0,25.0,171.0,674.0,639.0,476.0,1390.0,23241.0,8154.0,15087.0,7.9,23.0,0.305,0.39,0.695,18.9,71.2,85.1,0.5123456790123457
213,214.0,39.0,162.0,8.47,3.31,1.16,0.304,69.8,42.8,11.8,4.53,4.17,9.8,42.4,4.58,21.8,8.5,721.0,2.56,13.3,5539.0,6144.0,1427.0,908.0,352.0,12.0,155.0,735.0,704.0,478.0,1373.0,23902.0,8460.0,15442.0,7.8,22.3,0.321,0.409,0.731,18.0,69.8,84.7,0.48148148148148145
214,215.0,44.0,162.0,8.62,3.37,1.29,0.287,73.5,43.1,13.5,4.03,4.33,8.7,40.7,4.48,22.4,8.8,646.0,2.56,13.7,5425.0,6072.0,1293.0,838.0,265.0,31.0,159.0,657.0,620.0,507.0,1448.0,23813.0,8557.0,15256.0,8.3,23.8,0.311,0.387,0.698,15.7,69.2,83.8,0.4567901234567901
215,216.0,48.0,162.0,9.01,3.31,1.03,0.295,71.2,41.5,10.5,3.94,3.81,17.3,39.9,4.03,23.6,8.7,633.0,2.72,14.9,5611.0,6123.0,1435.0,1005.0,272.0,9.0,149.0,686.0,654.0,388.0,1269.0,23147.0,7871.0,15276.0,6.3,20.7,0.31,0.387,0.698,15.3,69.9,86.2,0.5
216,217.0,31.0,162.0,8.94,3.87,1.35,0.298,71.1,40.6,13.3,4.86,4.59,9.9,40.5,5.05,22.7,9.8,769.0,2.31,12.9,5380.0,5978.0,1264.0,855.0,235.0,18.0,156.0,648.0,618.0,452.0,1430.0,23125.0,8118.0,15007.0,7.6,23.9,0.304,0.372,0.676,5.2,67.8,86.1,0.38271604938271603
217,218.0,51.0,162.0,8.59,2.69,1.06,0.274,73.8,42.5,11.2,3.47,3.75,18.6,41.8,3.97,23.2,7.3,562.0,3.2,15.9,5558.0,6163.0,1410.0,979.0,273.0,31.0,127.0,698.0,662.0,450.0,1122.0,23703.0,8212.0,15491.0,7.3,18.2,0.316,0.383,0.699,21.7,66.3,88.2,0.5679012345679012
218,219.0,43.0,162.0,7.5,3.4,1.16,0.312,66.8,44.1,12.1,5.08,4.38,12.6,41.7,5.52,19.0,8.6,804.0,2.2,10.4,5540.0,6105.0,1408.0,945.0,280.0,34.0,149.0,698.0,669.0,453.0,1330.0,23635.0,8216.0,15419.0,7.4,21.8,0.315,0.398,0.713,6.8,68.0,86.8,0.41975308641975306
219,220.0,38.0,162.0,7.58,3.24,1.06,0.284,71.3,41.7,10.2,4.04,4.16,9.4,41.8,4.31,19.8,8.5,637.0,2.34,11.3,5378.0,5870.0,1240.0,868.0,235.0,27.0,110.0,557.0,530.0,380.0,1413.0,22410.0,7627.0,14783.0,6.5,24.1,0.286,0.346,0.632,2.5,70.9,85.2,0.4074074074074074
220,221.0,53.0,162.0,9.49,2.85,0.83,0.268,77.2,42.7,9.3,2.9,3.28,27.0,41.5,3.38,26.0,7.8,465.0,3.33,18.2,5409.0,6054.0,1341.0,830.0,284.0,13.0,214.0,737.0,715.0,528.0,1179.0,22950.0,8348.0,14602.0,8.7,19.5,0.319,0.424,0.743,29.5,70.9,87.7,0.654320987654321
221,222.0,33.0,162.0,7.57,3.74,1.1,0.312,70.3,43.8,11.2,4.72,4.42,7.5,41.2,4.94,19.1,9.4,742.0,2.02,9.6,5437.0,6010.0,1327.0,904.0,247.0,38.0,138.0,640.0,613.0,460.0,1287.0,22872.0,8107.0,14765.0,7.7,21.4,0.306,0.38,0.686,10.7,71.6,85.2,0.4012345679012346
222,223.0,38.0,162.0,8.67,3.39,1.05,0.276,73.0,42.2,11.1,3.79,3.96,17.0,41.6,4.29,22.9,8.9,604.0,2.56,14.0,5423.0,5977.0,1265.0,825.0,219.0,31.0,190.0,623.0,600.0,449.0,1539.0,23099.0,8253.0,14846.0,7.5,25.7,0.297,0.39,0.687,11.9,69.7,83.6,0.4506172839506173
223,224.0,43.0,162.0,9.08,2.52,0.94,0.255,78.3,42.5,9.8,2.8,3.45,24.6,43.3,3.33,25.0,6.9,451.0,3.6,18.0,5526.0,6247.0,1418.0,850.0,325.0,31.0,212.0,847.0,812.0,607.0,1374.0,25138.0,9413.0,15725.0,9.7,22.0,0.333,0.442,0.775,38.9,70.2,84.3,0.6851851851851852
224,225.0,41.0,162.0,9.0,3.2,1.08,0.295,73.8,44.6,12.6,3.87,3.9,14.1,41.8,4.14,23.7,8.4,618.0,2.81,15.3,5395.0,5949.0,1241.0,829.0,248.0,20.0,144.0,586.0,554.0,436.0,1429.0,23187.0,8180.0,15007.0,7.3,24.0,0.294,0.363,0.658,10.6,69.2,85.4,0.42592592592592593
225,226.0,52.0,162.0,9.52,3.24,1.18,0.28,72.9,43.8,13.4,3.83,3.92,14.9,39.5,4.14,25.3,8.6,615.0,2.94,16.7,5417.0,6122.0,1271.0,784.0,251.0,17.0,219.0,725.0,703.0,577.0,1464.0,24835.0,9175.0,15660.0,9.4,23.9,0.315,0.409,0.724,24.3,67.4,85.1,0.5308641975308642
226,227.0,28.0,162.0,8.37,2.93,1.15,0.285,73.3,40.0,11.0,3.98,4.03,10.7,41.9,4.1,22.1,7.7,636.0,2.85,14.4,5476.0,6113.0,1356.0,891.0,269.0,18.0,178.0,696.0,668.0,518.0,1353.0,23947.0,8663.0,15284.0,8.5,22.1,0.317,0.401,0.718,21.1,68.5,85.7,0.48148148148148145
227,228.0,41.0,162.0,9.79,2.68,1.06,0.297,76.0,43.3,11.8,3.58,3.5,20.3,40.9,3.43,26.3,7.2,573.0,3.66,19.1,5489.0,6176.0,1422.0,952.0,272.0,27.0,171.0,772.0,735.0,510.0,1217.0,23987.0,8557.0,15430.0,8.3,19.7,0.332,0.412,0.744,31.3,69.6,86.2,0.6234567901234568
228,229.0,47.0,162.0,9.05,2.75,0.97,0.268,76.3,44.1,10.7,3.3,3.56,19.6,40.0,3.62,24.6,7.5,533.0,3.29,17.1,5422.0,6172.0,1308.0,821.0,225.0,8.0,254.0,807.0,764.0,620.0,1391.0,24434.0,8948.0,15486.0,10.0,22.5,0.325,0.426,0.751,35.1,66.2,84.5,0.6111111111111112
229,230.0,34.0,162.0,7.59,3.17,1.23,0.289,70.7,41.4,11.5,4.54,4.41,3.6,41.0,4.32,19.7,8.2,719.0,2.39,11.4,5314.0,5863.0,1147.0,746.0,249.0,15.0,137.0,568.0,537.0,433.0,1389.0,22568.0,7900.0,14668.0,7.4,23.7,0.281,0.346,0.626,6.8,70.3,84.8,0.37037037037037035
230,231.0,42.0,162.0,8.97,2.92,0.95,0.302,71.2,44.2,10.6,3.98,3.6,22.7,40.8,3.95,23.7,7.7,631.0,3.07,16.0,5496.0,6077.0,1392.0,903.0,255.0,29.0,205.0,747.0,719.0,478.0,1363.0,23854.0,8404.0,15450.0,7.9,22.4,0.317,0.422,0.739,21.6,68.4,86.1,0.5370370370370371
231,232.0,33.0,162.0,7.92,3.71,1.04,0.304,68.7,43.9,10.9,4.66,4.27,9.5,39.7,4.62,20.0,9.4,736.0,2.13,10.6,5331.0,5912.0,1186.0,778.0,221.0,29.0,158.0,591.0,555.0,476.0,1497.0,23202.0,8347.0,14855.0,8.1,25.3,0.291,0.364,0.655,6.7,65.3,86.7,0.38271604938271603
232,233.0,48.0,162.0,9.05,2.92,1.08,0.282,73.5,41.2,11.1,3.81,3.82,19.3,42.7,3.83,24.0,7.7,611.0,3.1,16.3,5468.0,6175.0,1317.0,871.0,275.0,18.0,153.0,705.0,682.0,574.0,1327.0,24392.0,8958.0,15434.0,9.3,21.5,0.318,0.382,0.7,21.2,67.0,86.0,0.5493827160493827
233,234.0,40.0,162.0,8.65,2.78,1.16,0.279,76.1,39.8,11.2,3.59,3.9,13.8,41.5,3.83,23.2,7.5,577.0,3.11,15.8,5375.0,6117.0,1236.0,791.0,229.0,19.0,197.0,690.0,663.0,596.0,1397.0,24110.0,9020.0,15090.0,9.7,22.8,0.315,0.39,0.704,22.9,69.4,85.7,0.5555555555555556
234,235.0,39.0,162.0,8.6,2.77,0.83,0.31,70.0,47.7,9.8,3.86,3.43,20.0,42.4,3.63,22.6,7.3,615.0,3.11,15.3,5392.0,6117.0,1261.0,805.0,255.0,18.0,183.0,716.0,683.0,571.0,1462.0,24340.0,8923.0,15417.0,9.3,23.9,0.315,0.39,0.705,15.6,67.6,84.6,0.5
235,236.0,37.0,162.0,7.38,3.07,0.92,0.287,74.2,47.2,10.7,3.79,3.94,13.4,41.9,4.16,19.6,8.1,605.0,2.41,11.4,5496.0,6165.0,1386.0,878.0,290.0,21.0,197.0,772.0,739.0,537.0,1226.0,24192.0,8708.0,15484.0,8.7,19.9,0.325,0.42,0.745,32.8,67.3,86.1,0.5740740740740741
236,237.0,44.0,162.0,8.68,2.41,1.08,0.277,74.6,42.5,11.2,3.41,3.68,16.5,42.3,3.65,23.3,6.5,544.0,3.6,16.9,5412.0,6008.0,1294.0,842.0,296.0,17.0,139.0,666.0,634.0,500.0,1395.0,23435.0,8404.0,15031.0,8.3,23.2,0.309,0.377,0.686,19.8,70.0,83.8,0.5308641975308642
237,238.0,37.0,162.0,8.24,3.64,1.06,0.292,71.2,45.9,11.9,4.22,4.18,8.9,39.0,4.44,21.3,9.4,673.0,2.26,11.9,5478.0,6029.0,1308.0,866.0,224.0,20.0,198.0,707.0,670.0,456.0,1446.0,23095.0,8183.0,14912.0,7.6,24.0,0.301,0.395,0.696,18.9,73.4,83.4,0.41975308641975306
238,239.0,46.0,162.0,8.68,2.65,1.12,0.295,73.4,41.4,11.4,3.89,3.85,17.0,41.5,4.09,23.0,7.0,623.0,3.28,16.0,5555.0,6158.0,1464.0,945.0,307.0,12.0,200.0,775.0,756.0,500.0,1242.0,23696.0,8541.0,15155.0,8.1,20.2,0.329,0.431,0.76,31.2,70.9,85.5,0.5679012345679012
239,240.0,28.0,162.0,7.78,3.56,1.56,0.297,70.8,41.5,14.4,5.0,4.98,1.0,41.2,5.13,19.6,9.0,785.0,2.19,10.6,5434.0,5998.0,1351.0,943.0,252.0,20.0,136.0,603.0,579.0,442.0,1221.0,22758.0,7965.0,14793.0,7.4,20.4,0.31,0.377,0.688,6.1,69.3,86.0,0.3395061728395062
