"","Season","Team","W","L","SV","GS","K.9","BB.9","HR.9","BABIP","LOB.","GB.","HR.FB","ERA","FIP","WAR.x","Zone.","tERA","K..x","BB..x","ER","K.BB","K.BB.","AB","PA","H","X1B","X2B","X3B","HR","R","RBI","BB","SO","Pitches","Balls","Strikes","BB..y","K..y","OBP","SLG","OPS","WAR.y","Z.Swing.","Z.Contact."
"1",2015,"ARI",79,83,44,162,7.46,3.07,1.12,0.294,"73.7%","45.7%","12.3%",4.05,4.21,10.6,"44.8%",4.81,"19.4%","8.0%",660,2.43,"11.4%",5649,6276,1494,1003,289,48,154,720,680,490,1312,23333,8283,15050,"7.8%","20.9%",0.324,0.414,0.738,21.6,"64.6%","87.6%"
"2",2015,"ATL",67,95,44,162,7.25,3.47,1.07,0.305,"71.4%","43.4%","11.3%",4.41,4.34,7,"45.0%",4.79,"18.6%","8.9%",699,2.09,"9.7%",5420,6034,1361,992,251,18,100,573,548,471,1107,22644,8183,14461,"7.8%","18.3%",0.314,0.359,0.674,9.9,"65.5%","88.2%"
"3",2015,"BAL",81,81,43,162,7.73,3.03,1.09,0.298,"73.6%","45.2%","12.0%",4.05,4.11,15.8,"44.9%",4.48,"20.3%","7.9%",646,2.55,"12.3%",5485,6007,1370,887,246,20,217,713,686,418,1331,22912,8137,14775,"7.0%","22.2%",0.307,0.421,0.728,17.7,"69.4%","85.4%"
"4",2015,"BOS",78,84,40,162,7.57,2.97,1.11,0.305,"71.6%","44.1%","11.6%",4.34,4.17,11.8,"44.7%",4.68,"19.6%","7.7%",698,2.55,"11.9%",5640,6237,1495,1007,294,33,161,748,706,478,1148,24709,8752,15957,"7.7%","18.4%",0.325,0.415,0.74,17.9,"64.0%","88.4%"
"5",2015,"CHC",97,65,48,162,8.81,2.51,0.83,0.287,"72.7%","46.6%","10.7%",3.36,3.3,22.9,"43.0%",3.87,"23.9%","6.8%",546,3.52,"17.1%",5491,6200,1341,868,272,30,171,689,657,567,1518,24646,9152,15494,"9.1%","24.5%",0.321,0.398,0.719,25.4,"69.4%","83.7%"
"6",2015,"CHW",76,86,37,162,8.42,2.94,1,0.311,"72.9%","45.2%","11.4%",3.98,3.82,17.4,"44.4%",4.15,"22.0%","7.7%",643,2.87,"14.3%",5533,6070,1381,958,260,27,136,622,595,404,1231,23140,8139,15001,"6.7%","20.3%",0.306,0.38,0.686,8.8,"66.3%","87.3%"
"7",2015,"CIN",64,98,35,162,7.75,3.37,1.1,0.297,"71.7%","44.1%","12.1%",4.35,4.24,10.8,"44.1%",4.76,"20.0%","8.7%",702,2.3,"11.3%",5571,6196,1382,931,257,27,167,640,613,496,1255,23534,8437,15097,"8.0%","20.3%",0.312,0.394,0.706,16.5,"69.3%","87.0%"
"8",2015,"CLE",81,80,38,161,8.84,2.67,1.01,0.288,"72.8%","44.5%","11.7%",3.68,3.62,21.1,"45.4%",4.06,"23.8%","7.2%",586,3.31,"16.6%",5439,6109,1395,922,303,29,141,669,640,533,1157,23795,8834,14961,"8.7%","18.9%",0.325,0.401,0.725,19.1,"65.7%","88.6%"
"9",2015,"COL",68,94,36,162,7.02,3.65,1.15,0.318,"69.9%","47.7%","13.2%",5.04,4.56,8.3,"44.3%",5.84,"17.6%","9.2%",799,1.92,"8.4%",5572,6071,1479,970,274,49,186,737,702,388,1283,22661,7783,14878,"6.4%","21.1%",0.315,0.432,0.748,9.7,"69.0%","85.6%"
"10",2015,"DET",74,87,35,161,6.84,3.04,1.2,0.298,"69.7%","42.9%","12.0%",4.64,4.46,11.7,"45.8%",4.94,"17.8%","7.9%",746,2.25,"9.9%",5605,6159,1515,1026,289,49,151,689,660,455,1259,23702,8399,15303,"7.4%","20.4%",0.328,0.42,0.748,17.1,"68.9%","86.8%"
"11",2015,"HOU",86,76,39,162,7.99,2.64,0.92,0.285,"73.8%","47.3%","10.9%",3.57,3.66,18.9,"43.6%",3.83,"21.5%","7.1%",572,3.03,"14.4%",5459,6073,1363,829,278,26,230,729,691,486,1392,23543,8633,14910,"8.0%","22.9%",0.315,0.437,0.752,26.1,"70.2%","82.5%"
"12",2015,"KCR",95,67,56,162,7.19,3.03,0.96,0.286,"75.0%","42.8%","9.9%",3.74,4.04,13.8,"45.3%",4.49,"19.0%","8.0%",603,2.37,"11.0%",5575,6116,1497,1016,300,42,139,724,689,383,973,22705,8075,14630,"6.3%","15.9%",0.322,0.412,0.734,21.8,"66.5%","89.9%"
"13",2015,"LAA",85,77,46,162,7.63,2.91,1.04,0.285,"73.3%","41.5%","10.0%",3.94,4.05,12.2,"45.0%",4.09,"20.0%","7.6%",631,2.62,"12.4%",5417,5990,1331,891,243,21,176,661,621,435,1150,22727,8257,14470,"7.3%","19.2%",0.307,0.396,0.702,17.1,"64.8%","88.6%"
"14",2015,"LAD",92,70,47,162,8.69,2.46,0.9,0.296,"74.7%","50.1%","12.1%",3.46,3.4,19.7,"45.1%",3.55,"23.5%","6.7%",555,3.53,"16.9%",5385,6090,1346,870,263,26,187,667,638,563,1258,23602,8783,14819,"9.2%","20.7%",0.326,0.413,0.739,29,"67.9%","85.9%"
"15",2015,"MIA",71,91,35,162,7.27,3.2,0.89,0.294,"72.3%","44.5%","9.5%",4.04,3.98,12.2,"44.9%",4.21,"19.0%","8.4%",640,2.27,"10.6%",5463,5988,1420,1024,236,40,120,613,575,375,1150,22254,7821,14433,"6.3%","19.2%",0.31,0.384,0.694,15.3,"64.8%","88.1%"
"16",2015,"MIL",68,94,40,162,7.9,3.24,1.1,0.303,"72.1%","46.1%","12.7%",4.28,4.17,9.9,"43.6%",4.68,"20.5%","8.4%",682,2.44,"12.1%",5480,6024,1378,925,274,34,145,655,624,412,1299,22558,7693,14865,"6.8%","21.6%",0.307,0.393,0.7,12.6,"68.5%","86.7%"
"17",2015,"MIN",83,79,45,162,6.52,2.58,1.02,0.3,"72.8%","44.0%","10.4%",4.07,4.1,16,"44.9%",4.66,"17.0%","6.7%",653,2.53,"10.3%",5467,6017,1349,872,277,44,156,696,661,439,1264,23100,8133,14967,"7.3%","21.0%",0.305,0.399,0.704,12.1,"66.0%","86.7%"
"18",2015,"NYM",90,72,50,162,8.23,2.36,0.94,0.288,"74.3%","46.3%","10.8%",3.45,3.53,19,"46.2%",3.63,"22.1%","6.3%",561,3.49,"15.8%",5527,6145,1351,862,295,17,177,683,654,488,1290,23931,8707,15224,"7.9%","21.0%",0.312,0.4,0.712,24.6,"66.7%","87.6%"
"19",2015,"NYY",87,75,48,162,8.46,2.93,1.12,0.3,"73.8%","47.0%","13.6%",4.03,3.97,18.4,"44.5%",4.43,"22.1%","7.7%",653,2.89,"14.5%",5567,6268,1397,894,272,19,212,764,737,554,1227,24523,9194,15329,"8.8%","19.6%",0.323,0.421,0.744,20.7,"64.4%","87.8%"
"20",2015,"OAK",68,94,28,162,7.34,2.95,1.07,0.289,"71.0%","45.0%","11.4%",4.16,4.13,13,"45.8%",4.35,"19.2%","7.7%",668,2.49,"11.5%",5600,6171,1405,936,277,46,146,694,661,475,1119,23809,8590,15219,"7.7%","18.1%",0.312,0.395,0.707,11.3,"63.2%","89.2%"
"21",2015,"PHI",63,99,35,162,7.22,3.06,1.2,0.316,"71.1%","44.0%","12.2%",4.69,4.4,10.3,"44.4%",4.8,"18.2%","7.7%",749,2.36,"10.5%",5529,6053,1374,935,272,37,130,626,586,387,1274,22644,7801,14843,"6.4%","21.0%",0.303,0.382,0.684,8.8,"67.7%","87.3%"
"22",2015,"PIT",98,64,54,162,8.08,2.74,0.66,0.302,"75.0%","50.4%","9.4%",3.23,3.36,19.5,"43.0%",3.87,"21.5%","7.3%",534,2.95,"14.2%",5631,6285,1462,1003,292,27,140,697,661,461,1322,23889,8560,15329,"7.3%","21.0%",0.323,0.396,0.719,24,"67.1%","85.7%"
"23",2015,"SDP",74,88,41,162,8.7,3.22,1.07,0.303,"71.1%","46.9%","13.3%",4.09,3.93,9.7,"43.4%",4.15,"22.9%","8.5%",655,2.7,"14.4%",5457,6019,1324,880,260,36,148,650,623,426,1327,23200,8359,14841,"7.1%","22.0%",0.3,0.385,0.685,16.4,"66.9%","85.8%"
"24",2015,"SEA",76,86,45,162,7.89,3.02,1.11,0.298,"72.8%","46.3%","12.5%",4.16,4.14,9.1,"45.1%",4.25,"20.6%","7.9%",677,2.61,"12.7%",5544,6131,1379,897,262,22,198,656,624,478,1336,23814,8769,15045,"7.8%","21.8%",0.311,0.411,0.722,17.4,"67.2%","85.0%"
"25",2015,"SFG",84,78,41,162,7.26,2.69,0.97,0.283,"74.5%","46.0%","10.8%",3.73,3.91,8.8,"44.2%",4.1,"19.4%","7.2%",599,2.7,"12.2%",5565,6153,1486,1023,288,39,136,696,663,457,1159,23191,8466,14725,"7.4%","18.8%",0.326,0.406,0.732,29.5,"69.8%","87.3%"
"26",2015,"STL",100,62,62,162,8.17,2.93,0.76,0.297,"79.4%","48.0%","9.4%",2.94,3.48,20.6,"45.2%",3.73,"21.7%","7.8%",478,2.79,"13.9%",5484,6139,1386,922,288,39,137,647,619,506,1267,23494,8621,14873,"8.2%","20.6%",0.321,0.394,0.716,23.6,"69.3%","86.8%"
"27",2015,"TBR",80,82,60,162,8.39,2.95,1.08,0.284,"75.1%","41.8%","11.2%",3.74,3.91,14.7,"45.8%",4.04,"22.3%","7.9%",604,2.84,"14.5%",5485,6071,1383,906,278,32,167,644,612,436,1310,23210,8294,14916,"7.2%","21.6%",0.314,0.406,0.72,19.6,"68.8%","84.4%"
"28",2015,"TEX",88,74,45,162,6.83,3.17,1.07,0.294,"72.4%","44.2%","11.2%",4.25,4.34,11,"44.2%",5.06,"17.6%","8.2%",682,2.16,"9.4%",5511,6187,1419,936,279,32,172,751,707,503,1233,23739,8730,15009,"8.1%","19.9%",0.325,0.413,0.739,21.6,"64.4%","86.6%"
"29",2015,"TOR",93,69,34,162,6.98,2.48,1.08,0.278,"72.7%","43.7%","11.0%",3.81,4.09,13.7,"46.1%",4.45,"18.7%","6.6%",610,2.81,"12.0%",5509,6231,1480,923,308,17,232,891,852,570,1151,24051,8993,15058,"9.1%","18.5%",0.34,0.457,0.797,36.7,"64.3%","86.4%"
"30",2015,"WSN",83,79,41,162,8.42,2.28,0.91,0.3,"72.7%","44.7%","10.3%",3.62,3.45,22.2,"46.3%",3.87,"22.5%","6.1%",577,3.69,"16.4%",5428,6117,1363,908,265,13,177,703,665,539,1344,23247,8545,14702,"8.8%","22.0%",0.321,0.403,0.724,17.9,"67.8%","85.7%"
"31",2016,"ARI",69,93,31,162,8.17,3.74,1.25,0.32,"68.7%","46.0%","14.1%",5.09,4.5,10.1,"43.2%",5.15,"20.5%","9.4%",821,2.19,"11.1%",5665,6260,1479,948,285,56,190,752,709,463,1427,24094,8606,15488,"7.4%","22.8%",0.32,0.432,0.752,16.7,"65.1%","86.2%"
"32",2016,"ATL",68,93,39,161,7.63,3.4,1.1,0.293,"70.2%","44.7%","11.7%",4.51,4.32,9,"44.2%",4.57,"19.6%","8.8%",725,2.24,"10.9%",5514,6192,1404,960,295,27,122,649,615,502,1240,23246,8269,14977,"8.1%","20.0%",0.321,0.384,0.705,12.2,"66.9%","86.6%"
"33",2016,"BAL",89,73,54,162,7.84,3.43,1.15,0.299,"73.7%","44.8%","12.6%",4.22,4.31,15.7,"44.0%",4.67,"20.4%","8.9%",671,2.29,"11.5%",5524,6089,1413,889,265,6,253,744,710,468,1324,23525,8503,15022,"7.7%","21.7%",0.317,0.443,0.76,21.4,"67.9%","84.7%"
"34",2016,"BOS",93,69,43,162,8.51,3.06,1.1,0.293,"72.9%","41.5%","11.4%",4,4,18.8,"45.1%",4.45,"22.4%","8.1%",640,2.78,"14.4%",5670,6320,1598,1022,343,25,208,878,836,558,1160,24947,9221,15726,"8.8%","18.4%",0.348,0.461,0.81,32.3,"62.8%","89.2%"
"35",2016,"CHC",103,58,38,162,8.88,3.05,1.01,0.255,"77.5%","46.9%","13.1%",3.15,3.77,18.8,"43.2%",4.11,"24.3%","8.3%",511,2.91,"15.9%",5503,6335,1409,887,293,30,199,808,767,656,1339,25160,9576,15584,"10.4%","21.1%",0.343,0.429,0.772,35.9,"66.7%","84.7%"
"36",2016,"CHW",78,84,43,162,7.9,3.24,1.15,0.298,"74.0%","43.1%","12.0%",4.12,4.27,17.1,"44.2%",4.55,"20.5%","8.4%",662,2.44,"12.1%",5550,6131,1428,950,277,33,168,686,656,455,1285,23739,8367,15372,"7.4%","21.0%",0.317,0.41,0.727,16.5,"67.5%","86.1%"
"37",2016,"CIN",68,94,28,162,7.75,3.97,1.61,0.29,"72.8%","41.6%","15.9%",4.91,5.24,1,"45.7%",5.67,"19.5%","10.0%",787,1.95,"9.5%",5487,6094,1403,929,277,33,164,716,678,452,1284,23319,8331,14988,"7.4%","21.1%",0.316,0.408,0.724,10.8,"68.2%","86.6%"
"38",2016,"CLE",94,67,37,161,8.71,2.87,1.16,0.289,"73.4%","46.7%","13.7%",3.86,3.91,18.2,"44.6%",4.37,"23.2%","7.6%",619,3.03,"15.5%",5484,6155,1435,913,308,29,185,777,733,531,1246,24186,8826,15360,"8.6%","20.2%",0.329,0.43,0.759,24,"68.3%","86.8%"
"39",2016,"COL",75,87,37,162,7.7,3.44,1.14,0.317,"68.0%","49.1%","14.1%",4.92,4.38,13.1,"45.0%",5.62,"19.4%","8.7%",781,2.24,"10.7%",5614,6236,1544,975,318,47,204,845,805,494,1330,24413,8796,15617,"7.9%","21.3%",0.336,0.457,0.794,20.9,"67.9%","86.3%"
"40",2016,"DET",86,75,47,161,7.76,2.91,1.15,0.3,"72.2%","44.5%","11.7%",4.24,4.16,18.5,"44.7%",4.24,"20.4%","7.6%",673,2.67,"12.7%",5526,6127,1476,983,252,30,211,750,719,493,1303,23720,8595,15125,"8.0%","21.3%",0.331,0.438,0.769,19.9,"66.9%","86.4%"
"41",2016,"HOU",84,78,44,162,8.56,2.78,1.11,0.306,"73.4%","45.2%","12.6%",4.06,3.85,17.6,"43.7%",4.03,"22.6%","7.3%",663,3.08,"15.3%",5545,6204,1367,849,291,29,198,724,689,554,1452,23971,8941,15030,"8.9%","23.4%",0.319,0.417,0.735,24.6,"68.8%","83.2%"
"42",2016,"KCR",81,81,41,162,8.04,3.23,1.29,0.298,"75.4%","44.3%","13.4%",4.21,4.42,12.1,"45.5%",4.67,"20.8%","8.4%",674,2.49,"12.5%",5552,6052,1450,1006,264,33,147,675,640,382,1224,22931,7992,14939,"6.3%","20.2%",0.312,0.4,0.712,11.8,"68.9%","87.6%"
"43",2016,"LAA",74,88,29,162,7.19,3.15,1.32,0.301,"75.0%","40.8%","12.5%",4.28,4.62,8,"45.5%",4.8,"18.6%","8.1%",676,2.28,"10.4%",5431,6041,1410,955,279,20,156,717,686,471,991,22543,8135,14408,"7.8%","16.4%",0.322,0.405,0.726,16.6,"67.5%","89.2%"
"44",2016,"LAD",91,71,47,162,9.35,2.87,1.02,0.288,"73.8%","42.8%","11.7%",3.7,3.61,20,"45.1%",3.75,"25.1%","7.7%",598,3.25,"17.4%",5518,6164,1375,893,272,21,189,725,680,525,1321,23749,8839,14910,"8.5%","21.4%",0.319,0.409,0.728,21.5,"67.5%","86.5%"
"45",2016,"MIA",79,82,55,161,8.65,3.73,0.95,0.303,"74.0%","43.0%","10.9%",4.05,3.97,15.5,"44.0%",4.27,"22.4%","9.7%",646,2.32,"12.7%",5547,6133,1460,1031,259,42,128,655,626,447,1213,23662,8437,15225,"7.3%","19.8%",0.322,0.394,0.716,19.8,"63.8%","88.1%"
"46",2016,"MIL",73,89,46,162,7.37,3.34,1.12,0.3,"73.1%","46.0%","12.4%",4.1,4.37,11.1,"44.4%",4.81,"19.0%","8.6%",653,2.21,"10.4%",5330,6061,1299,837,249,19,194,671,641,599,1543,24181,9028,15153,"9.9%","25.5%",0.322,0.407,0.729,15.4,"65.7%","83.5%"
"47",2016,"MIN",59,103,26,162,7.43,2.99,1.38,0.319,"68.3%","43.0%","13.9%",5.09,4.57,10.7,"43.1%",5.13,"18.9%","7.6%",816,2.49,"11.3%",5618,6245,1409,886,288,35,200,722,690,513,1426,24633,8991,15642,"8.2%","22.8%",0.316,0.421,0.738,15.8,"63.4%","85.5%"
"48",2016,"NYM",87,75,55,162,8.68,2.73,0.95,0.308,"75.6%","44.2%","11.1%",3.58,3.57,21.5,"46.7%",3.81,"23.0%","7.2%",576,3.18,"15.8%",5459,6115,1342,865,240,19,218,671,649,517,1302,23980,8890,15090,"8.5%","21.3%",0.316,0.417,0.733,21.6,"66.6%","87.4%"
"49",2016,"NYY",84,78,48,162,8.78,2.8,1.35,0.292,"74.2%","46.9%","15.5%",4.16,4.2,18.7,"43.8%",4.39,"23.1%","7.4%",661,3.14,"15.8%",5458,6058,1377,929,245,20,183,680,647,475,1188,23232,8475,14757,"7.8%","19.6%",0.314,0.405,0.72,14.9,"65.8%","88.6%"
"50",2016,"OAK",69,93,42,162,7.46,2.91,1.16,0.299,"70.7%","46.2%","12.5%",4.51,4.24,13.7,"45.6%",4.39,"19.3%","7.6%",719,2.56,"11.8%",5500,6022,1352,892,270,21,169,653,634,442,1145,23061,8364,14697,"7.3%","19.0%",0.304,0.395,0.699,4.3,"66.3%","87.0%"
"51",2016,"PHI",71,91,43,162,8.14,2.92,1.33,0.304,"70.5%","41.0%","13.8%",4.64,4.34,13.9,"45.7%",4.82,"21.1%","7.6%",741,2.79,"13.5%",5434,5992,1306,879,231,35,161,610,575,424,1376,22887,8089,14798,"7.1%","23.0%",0.301,0.385,0.685,7.2,"68.9%","85.4%"
"52",2016,"PIT",78,83,51,162,7.64,3.31,1.12,0.306,"72.5%","46.9%","13.0%",4.22,4.3,9,"43.4%",4.65,"19.6%","8.5%",681,2.31,"11.1%",5542,6261,1426,964,277,32,153,729,696,561,1334,24900,9296,15604,"9.0%","21.3%",0.332,0.402,0.734,22.4,"66.3%","86.1%"
"53",2016,"SDP",68,94,35,162,7.64,3.56,1.14,0.296,"71.3%","46.4%","12.6%",4.44,4.4,8.6,"43.4%",4.51,"19.6%","9.1%",711,2.15,"10.5%",5419,6000,1275,815,257,26,177,686,654,449,1500,23518,8465,15053,"7.5%","25.0%",0.299,0.39,0.689,9.7,"66.6%","84.3%"
"54",2016,"SEA",86,76,49,162,8.14,2.84,1.32,0.292,"74.9%","43.4%","13.8%",4,4.3,14.5,"45.5%",4.31,"21.4%","7.5%",647,2.87,"14.0%",5583,6227,1446,955,251,17,223,768,735,506,1288,24307,8922,15385,"8.1%","20.7%",0.326,0.43,0.756,23.6,"66.5%","86.8%"
"55",2016,"SFG",87,75,43,162,8.07,2.71,0.97,0.287,"74.3%","45.3%","10.8%",3.69,3.76,14.2,"44.5%",3.85,"21.6%","7.3%",599,2.98,"14.4%",5565,6271,1437,973,280,54,130,715,675,572,1107,24003,8885,15118,"9.1%","17.7%",0.329,0.398,0.728,24.1,"68.7%","88.5%"
"56",2016,"STL",86,76,38,162,8.02,2.95,0.99,0.304,"71.8%","49.5%","12.8%",4.08,3.88,16.6,"45.5%",4.26,"20.9%","7.7%",656,2.72,"13.2%",5548,6223,1416,859,300,32,225,779,745,526,1318,23915,8692,15223,"8.5%","21.2%",0.325,0.443,0.768,24.5,"69.7%","86.6%"
"57",2016,"TBR",68,94,42,162,8.56,3.1,1.33,0.297,"74.2%","41.0%","13.1%",4.2,4.26,10.6,"43.7%",4.33,"22.3%","8.1%",665,2.76,"14.3%",5481,6046,1333,797,288,32,216,672,647,449,1482,23480,8467,15013,"7.4%","24.5%",0.307,0.426,0.733,17,"68.2%","81.7%"
"58",2016,"TEX",95,67,56,162,7.2,3.33,1.25,0.292,"72.8%","45.5%","13.5%",4.38,4.58,12.6,"43.5%",5.29,"18.7%","8.6%",703,2.16,"10.0%",5525,6089,1446,951,257,23,215,765,746,436,1220,23305,8317,14988,"7.2%","20.0%",0.322,0.433,0.755,17.5,"64.8%","86.7%"
"59",2016,"TOR",89,73,43,162,8.1,2.84,1.13,0.282,"74.4%","46.6%","13.0%",3.79,4.04,16.8,"44.7%",4.28,"21.5%","7.5%",615,2.85,"14.0%",5479,6233,1358,843,276,18,221,759,728,632,1362,25139,9649,15490,"10.1%","21.9%",0.33,0.426,0.755,23.8,"64.3%","85.2%"
"60",2016,"WSN",95,67,46,162,9.1,2.89,0.96,0.288,"75.0%","43.3%","10.9%",3.52,3.58,23.5,"45.5%",3.95,"24.5%","7.8%",571,3.15,"16.7%",5490,6201,1403,903,268,29,203,763,735,536,1252,24077,8945,15132,"8.6%","20.2%",0.326,0.426,0.751,22.7,"64.2%","87.0%"
"61",2017,"ARI",93,69,43,162,9.26,3.22,1.07,0.294,"74.2%","48.1%","13.1%",3.67,3.8,22.9,"43.3%",4.15,"24.4%","8.5%",588,2.87,"15.9%",5525,6224,1405,832,314,39,220,812,776,578,1456,24412,8955,15457,"9.3%","23.4%",0.329,0.445,0.774,21.5,"65.5%","85.1%"
"62",2017,"ATL",72,90,36,162,7.86,3.65,1.2,0.302,"70.1%","44.5%","12.5%",4.72,4.51,9,"43.9%",4.82,"19.9%","9.3%",756,2.15,"10.7%",5584,6216,1467,987,289,26,165,732,706,474,1184,23315,8097,15218,"7.6%","19.0%",0.326,0.412,0.738,14.7,"70.9%","86.5%"
"63",2017,"BAL",75,87,35,162,7.7,3.62,1.51,0.302,"72.2%","44.6%","15.4%",4.97,4.96,8.6,"43.1%",5.19,"19.6%","9.2%",796,2.13,"10.4%",5650,6140,1469,956,269,12,232,743,713,392,1412,23674,8358,15316,"6.4%","23.0%",0.312,0.435,0.747,10.6,"67.5%","84.2%"
"64",2017,"BOS",93,69,39,162,9.59,2.82,1.18,0.303,"75.7%","41.0%","12.7%",3.73,3.78,23.2,"44.9%",4.26,"25.4%","7.5%",615,3.4,"17.9%",5669,6338,1461,972,302,19,168,785,735,571,1224,25018,9223,15795,"9.0%","19.3%",0.329,0.407,0.736,15.3,"62.3%","87.1%"
"65",2017,"CHC",92,70,38,162,8.95,3.44,1.21,0.285,"74.2%","46.2%","14.5%",3.95,4.2,16.8,"43.6%",4.44,"23.6%","9.1%",636,2.6,"14.5%",5496,6283,1402,876,274,29,223,822,785,622,1401,24352,8863,15489,"9.9%","22.3%",0.338,0.437,0.775,26.4,"66.9%","84.5%"
"66",2017,"CHW",67,95,25,162,7.55,4,1.53,0.281,"72.4%","41.9%","14.7%",4.78,5.17,4.4,"43.8%",5.21,"19.2%","10.2%",755,1.89,"9.0%",5513,6059,1412,933,256,37,186,706,670,401,1397,23244,8114,15130,"6.6%","23.1%",0.314,0.417,0.731,16.1,"68.9%","85.1%"
"67",2017,"CIN",68,94,33,162,8.18,3.97,1.56,0.296,"71.1%","44.6%","16.8%",5.17,5.08,5.3,"45.6%",5.46,"20.7%","10.0%",821,2.06,"10.6%",5484,6213,1390,884,249,38,219,753,715,565,1329,23922,8707,15215,"9.1%","21.4%",0.329,0.433,0.761,21.6,"67.1%","86.3%"
"68",2017,"CLE",102,60,37,162,10.08,2.54,1.02,0.303,"77.5%","44.1%","13.0%",3.3,3.33,30.4,"46.3%",3.92,"27.5%","6.9%",529,3.98,"20.6%",5511,6234,1449,875,333,29,212,818,780,604,1153,24759,9457,15302,"9.7%","18.5%",0.339,0.449,0.788,28.9,"66.6%","86.8%"
"69",2017,"COL",87,75,47,162,7.95,3.33,1.19,0.305,"72.2%","48.5%","14.2%",4.51,4.32,18.6,"47.9%",5.29,"20.6%","8.6%",721,2.39,"11.9%",5534,6201,1510,987,293,38,192,824,793,519,1408,23940,8541,15399,"8.4%","22.7%",0.338,0.444,0.781,14.3,"66.4%","85.3%"
"70",2017,"DET",64,98,32,162,7.62,3.41,1.38,0.32,"68.7%","39.4%","12.8%",5.36,4.73,11.5,"45.8%",5.21,"19.1%","8.5%",846,2.23,"10.5%",5556,6150,1435,924,289,35,187,735,699,503,1313,24123,8666,15457,"8.2%","21.3%",0.324,0.424,0.748,10.4,"67.4%","85.8%"
"71",2017,"HOU",101,61,45,162,9.91,3.25,1.2,0.3,"73.7%","47.3%","14.9%",4.12,3.91,19,"44.7%",3.93,"26.1%","8.5%",662,3.05,"17.5%",5611,6271,1581,977,346,20,238,896,854,509,1087,23749,8854,14895,"8.1%","17.3%",0.346,0.478,0.823,37.2,"65.8%","88.5%"
"72",2017,"KCR",80,82,39,162,7.61,3.25,1.23,0.303,"70.9%","43.7%","12.0%",4.63,4.43,13.7,"47.5%",4.6,"19.6%","8.3%",740,2.34,"11.2%",5536,6027,1436,959,260,24,193,702,660,390,1166,22862,7961,14901,"6.5%","19.3%",0.311,0.42,0.731,12,"71.1%","87.1%"
"73",2017,"LAA",80,82,43,162,8.2,2.94,1.4,0.289,"74.9%","41.6%","14.1%",4.2,4.43,11,"43.5%",4.52,"21.8%","7.8%",672,2.79,"14.0%",5415,6073,1314,863,251,14,186,710,678,523,1198,23378,8612,14766,"8.6%","19.7%",0.315,0.397,0.712,16.3,"65.9%","86.6%"
"74",2017,"LAD",104,58,51,162,9.65,2.75,1.15,0.281,"77.8%","42.7%","13.4%",3.38,3.67,21.7,"45.2%",3.8,"26.1%","7.5%",543,3.5,"18.7%",5408,6191,1347,794,312,20,221,770,730,649,1380,24348,9349,14999,"10.5%","22.3%",0.334,0.437,0.771,30.3,"65.2%","85.1%"
"75",2017,"MIA",77,85,34,162,7.5,3.91,1.2,0.298,"70.7%","42.5%","12.2%",4.82,4.69,5.5,"44.5%",4.76,"19.0%","9.9%",772,1.92,"9.1%",5602,6248,1497,1001,271,31,194,778,743,486,1282,23905,8473,15432,"7.8%","20.5%",0.331,0.431,0.761,25.6,"64.9%","87.1%"
"76",2017,"MIL",86,76,54,162,8.38,3.44,1.15,0.298,"74.8%","45.7%","13.5%",4,4.24,17.1,"43.9%",4.63,"21.8%","9.0%",642,2.43,"12.9%",5467,6135,1363,850,267,22,224,732,695,547,1571,24245,8745,15500,"8.9%","25.6%",0.322,0.429,0.751,22.5,"66.7%","82.4%"
"77",2017,"MIN",85,77,42,162,7.31,3.03,1.4,0.296,"72.5%","42.4%","13.5%",4.6,4.71,8.9,"45.0%",4.99,"18.8%","7.8%",734,2.41,"11.0%",5557,6261,1444,921,286,31,206,815,781,593,1342,24888,9280,15608,"9.5%","21.4%",0.334,0.434,0.768,28.3,"64.8%","85.4%"
"78",2017,"NYM",70,92,34,162,8.62,3.72,1.38,0.319,"70.4%","44.4%","14.9%",5.01,4.59,8.7,"45.3%",4.62,"21.5%","9.3%",799,2.32,"12.2%",5510,6169,1379,841,286,28,224,735,713,529,1291,24000,8652,15348,"8.6%","20.9%",0.32,0.434,0.755,20.2,"65.8%","86.2%"
"79",2017,"NYY",91,71,36,162,9.69,3.13,1.19,0.28,"74.5%","46.2%","14.2%",3.75,3.88,23.4,"43.7%",3.99,"25.7%","8.3%",603,3.1,"17.4%",5594,6354,1463,933,266,23,241,858,821,616,1386,25306,9614,15692,"9.7%","21.8%",0.339,0.447,0.785,28.5,"66.7%","84.7%"
"80",2017,"OAK",75,87,35,162,7.56,3.16,1.32,0.294,"68.9%","44.9%","13.9%",4.67,4.57,9.6,"43.8%",4.68,"19.5%","8.1%",743,2.39,"11.4%",5464,6126,1344,790,305,15,234,739,708,565,1491,24523,9156,15367,"9.2%","24.3%",0.319,0.436,0.755,17,"68.4%","83.7%"
"81",2017,"PHI",66,96,33,162,8.18,3.29,1.38,0.304,"73.0%","42.9%","14.1%",4.57,4.56,14.3,"47.1%",4.83,"21.0%","8.5%",731,2.48,"12.5%",5535,6133,1382,885,287,36,174,690,654,494,1417,24133,8644,15489,"8.1%","23.1%",0.315,0.409,0.723,11.3,"66.9%","85.2%"
"82",2017,"PIT",75,87,36,162,7.88,3.19,1.14,0.306,"73.2%","45.2%","12.9%",4.23,4.23,16.6,"46.6%",4.63,"20.3%","8.2%",677,2.47,"12.1%",5458,6136,1331,895,249,36,151,668,635,519,1213,24090,8769,15321,"8.5%","19.8%",0.318,0.386,0.704,10.1,"66.3%","86.3%"
"83",2017,"SDP",71,91,45,162,8.34,3.49,1.42,0.299,"71.1%","47.5%","16.4%",4.7,4.68,7.9,"44.8%",4.7,"21.5%","9.0%",747,2.39,"12.5%",5356,5954,1251,804,227,31,189,604,576,460,1499,22651,7998,14653,"7.7%","25.2%",0.299,0.393,0.692,8.9,"67.0%","83.3%"
"84",2017,"SEA",78,84,39,162,7.77,3.06,1.48,0.283,"72.7%","40.3%","14.1%",4.46,4.7,9.3,"47.1%",4.72,"20.3%","8.0%",713,2.54,"12.3%",5551,6166,1436,938,281,17,200,750,714,487,1267,23881,8781,15100,"7.9%","20.5%",0.325,0.424,0.749,23.9,"65.5%","86.1%"
"85",2017,"SFG",64,98,32,162,7.65,3.07,1.13,0.308,"71.1%","42.5%","11.5%",4.5,4.22,11.4,"45.6%",4.42,"19.6%","7.9%",726,2.49,"11.7%",5551,6137,1382,936,290,28,128,639,612,467,1204,23276,8400,14876,"7.6%","19.6%",0.309,0.38,0.689,8.9,"69.3%","86.7%"
"86",2017,"STL",83,79,43,162,8.38,3.06,1.14,0.298,"73.6%","46.3%","13.5%",4.01,4.09,15.7,"46.0%",4.32,"22.0%","8.0%",647,2.74,"13.9%",5470,6219,1402,894,284,28,196,761,728,593,1348,24475,9125,15350,"9.5%","21.7%",0.334,0.426,0.76,25.8,"65.7%","85.4%"
"87",2017,"TBR",80,82,53,162,8.42,3.13,1.2,0.283,"73.0%","43.0%","12.8%",3.99,4.17,15,"43.5%",4.25,"22.2%","8.2%",640,2.69,"13.9%",5478,6147,1340,854,226,32,228,694,671,545,1538,23897,8682,15215,"8.9%","25.0%",0.317,0.422,0.739,20.4,"70.3%","81.3%"
"88",2017,"TEX",78,84,29,162,6.95,3.51,1.34,0.289,"70.9%","44.2%","13.6%",4.7,4.88,11.2,"44.0%",5.61,"17.8%","9.0%",749,1.98,"8.8%",5430,6122,1326,813,255,21,237,799,756,544,1493,24289,8966,15323,"8.9%","24.4%",0.32,0.43,0.75,11.2,"66.3%","84.1%"
"89",2017,"TOR",76,86,45,162,8.43,3.37,1.25,0.303,"71.8%","45.4%","13.3%",4.42,4.31,16.6,"43.0%",4.4,"21.7%","8.7%",720,2.5,"13.0%",5499,6154,1320,824,269,5,222,693,661,542,1327,24295,9012,15283,"8.8%","21.6%",0.312,0.412,0.724,8.9,"65.0%","86.2%"
"90",2017,"WSN",97,65,46,162,9.06,3.08,1.18,0.287,"74.4%","44.0%","12.8%",3.88,3.99,23,"46.1%",4.15,"24.0%","8.2%",624,2.94,"15.9%",5553,6214,1477,920,311,31,215,819,796,542,1327,24299,8904,15395,"8.7%","21.4%",0.332,0.449,0.782,23,"65.8%","86.0%"
"91",2018,"ARI",82,80,39,162,8.91,3.21,1.07,0.289,"75.7%","47.3%","13.7%",3.73,3.91,12,"39.9%",4.34,"23.6%","8.5%",606,2.77,"15.1%",5460,6157,1283,798,259,50,176,693,658,560,1460,23968,8632,15336,"9.1%","23.7%",0.31,0.397,0.707,18.5,"65.9%","84.9%"
"92",2018,"ATL",90,72,40,162,8.79,3.92,0.95,0.278,"74.1%","43.3%","11.2%",3.75,3.99,15.1,"41.8%",4.58,"23.1%","10.3%",607,2.24,"12.8%",5582,6251,1433,915,314,29,175,759,717,511,1290,23760,8408,15352,"8.2%","20.6%",0.324,0.417,0.742,25,"71.6%","85.3%"
"93",2018,"BAL",47,115,28,162,7.57,3.7,1.47,0.31,"70.0%","41.9%","14.4%",5.19,4.98,7.1,"43.2%",5.31,"19.0%","9.3%",825,2.04,"9.7%",5507,6034,1317,872,242,15,188,622,593,422,1412,23476,8346,15130,"7.0%","23.4%",0.298,0.391,0.689,4.8,"68.9%","84.4%"
"94",2018,"BOS",108,54,46,162,9.61,3.16,1.09,0.294,"75.8%","42.4%","11.9%",3.75,3.82,18.5,"42.7%",4.19,"25.3%","8.3%",608,3.04,"17.0%",5623,6302,1509,915,355,31,208,876,829,569,1253,24653,9201,15452,"9.0%","19.9%",0.339,0.453,0.792,32.3,"67.8%","87.2%"
"95",2018,"CHC",95,68,46,163,8.13,3.79,0.96,0.284,"76.2%","45.0%","11.5%",3.65,4.14,14.1,"42.6%",4.58,"21.3%","9.9%",598,2.14,"11.4%",5624,6369,1453,966,286,34,167,761,722,576,1388,24240,8723,15517,"9.0%","21.8%",0.333,0.41,0.744,26.7,"67.6%","84.9%"
"96",2018,"CHW",62,100,34,162,7.89,4.09,1.23,0.292,"69.4%","40.8%","11.7%",4.85,4.73,9.8,"43.2%",4.84,"19.9%","10.3%",774,1.93,"9.6%",5523,6071,1332,851,259,40,182,656,639,425,1594,23715,8166,15549,"7.0%","26.3%",0.302,0.401,0.703,11.3,"68.0%","83.8%"
"97",2018,"CIN",67,95,38,162,7.86,3.32,1.42,0.3,"71.5%","44.4%","15.8%",4.65,4.68,8.7,"44.6%",5.34,"20.0%","8.5%",745,2.36,"11.6%",5532,6240,1404,956,251,25,172,696,665,559,1376,23713,8646,15067,"9.0%","22.1%",0.328,0.401,0.729,17.2,"69.1%","86.2%"
"98",2018,"CLE",91,71,41,162,9.54,2.51,1.24,0.298,"76.0%","42.5%","13.7%",3.77,3.78,22,"43.5%",4.19,"25.4%","6.7%",611,3.79,"18.7%",5595,6300,1447,915,297,19,216,818,786,554,1189,24592,9231,15361,"8.8%","18.9%",0.332,0.434,0.766,26.4,"67.3%","88.6%"
"99",2018,"COL",91,72,51,163,8.73,3.25,1.14,0.299,"71.3%","45.2%","13.5%",4.33,4.06,17.1,"43.1%",5.1,"22.9%","8.5%",699,2.68,"14.4%",5541,6178,1418,886,280,42,210,780,748,507,1397,23413,8382,15031,"8.2%","22.6%",0.322,0.435,0.757,15.8,"70.3%","84.7%"
"100",2018,"DET",64,98,37,162,7.67,3.1,1.36,0.291,"70.5%","39.6%","12.9%",4.6,4.59,10,"41.9%",5.05,"19.8%","8.0%",728,2.47,"11.8%",5494,6029,1326,872,284,35,135,630,597,428,1341,23350,8111,15239,"7.1%","22.2%",0.3,0.38,0.68,4.2,"69.1%","86.0%"
"101",2018,"HOU",103,59,46,162,10.44,2.69,0.94,0.283,"77.9%","44.0%","11.6%",3.11,3.23,28.6,"43.3%",3.31,"28.5%","7.4%",503,3.88,"21.2%",5453,6146,1390,889,278,18,205,797,763,565,1197,23643,8873,14770,"9.2%","19.5%",0.329,0.425,0.754,32.1,"65.1%","87.2%"
"102",2018,"KCR",58,104,33,162,7.27,3.45,1.29,0.309,"70.6%","43.1%","13.0%",4.95,4.66,6.7,"43.4%",5.16,"18.4%","8.7%",787,2.11,"9.7%",5505,6063,1350,883,283,29,155,638,606,427,1310,23328,8275,15053,"7.0%","21.6%",0.305,0.392,0.697,7.8,"68.9%","86.5%"
"103",2018,"LAA",80,82,35,162,8.68,3.42,1.28,0.294,"74.1%","42.1%","14.1%",4.15,4.36,12.2,"42.0%",4.76,"22.7%","8.9%",663,2.54,"13.8%",5472,6108,1323,837,249,23,214,721,690,514,1300,23751,8769,14982,"8.4%","21.3%",0.313,0.413,0.726,20.1,"65.8%","85.8%"
"104",2018,"LAD",92,71,48,163,9.54,2.57,1.09,0.284,"76.2%","44.9%","13.4%",3.4,3.6,19,"44.5%",3.77,"25.7%","6.9%",557,3.71,"18.8%",5572,6358,1394,830,296,33,235,804,756,647,1436,25643,9654,15989,"10.2%","22.6%",0.333,0.442,0.774,34.1,"64.5%","84.1%"
"105",2018,"MIA",63,98,30,161,7.8,3.78,1.2,0.29,"69.9%","40.9%","12.1%",4.76,4.57,2.4,"42.4%",4.69,"20.0%","9.7%",763,2.06,"10.3%",5488,6083,1303,929,222,24,128,589,554,455,1384,23549,8303,15246,"7.5%","22.8%",0.303,0.357,0.659,10.6,"65.1%","86.0%"
"106",2018,"MIL",96,67,49,163,8.8,3.41,1.07,0.279,"74.4%","43.2%","12.5%",3.73,4.01,14.5,"42.7%",4.45,"23.4%","9.0%",606,2.58,"14.3%",5542,6210,1398,904,252,24,218,754,711,537,1458,24233,8694,15539,"8.6%","23.5%",0.323,0.424,0.747,28.4,"65.6%","84.9%"
"107",2018,"MIN",78,84,37,162,8.59,3.57,1.23,0.302,"72.4%","41.6%","13.2%",4.5,4.39,11.4,"41.0%",4.89,"21.9%","9.1%",722,2.4,"12.8%",5526,6154,1379,874,317,22,166,738,704,534,1328,24509,8979,15530,"8.7%","21.6%",0.318,0.405,0.723,16.7,"65.7%","87.2%"
"108",2018,"NYM",77,85,41,162,8.91,2.98,1.14,0.295,"73.0%","42.1%","12.2%",4.07,3.97,17.9,"44.7%",4,"23.4%","7.8%",661,2.99,"15.6%",5468,6177,1282,813,265,34,170,676,649,566,1404,24156,8739,15417,"9.2%","22.7%",0.312,0.389,0.701,16.4,"67.5%","84.7%"
"109",2018,"NYY",100,62,49,162,10.1,3.05,1.09,0.3,"73.9%","42.9%","12.9%",3.78,3.63,24.5,"41.6%",3.99,"26.6%","8.0%",611,3.31,"18.6%",5515,6271,1374,815,269,23,267,851,821,625,1421,25145,9582,15563,"10.0%","22.7%",0.329,0.451,0.781,29.9,"66.3%","85.2%"
"110",2018,"OAK",97,65,44,162,7.6,2.91,1.13,0.27,"73.5%","43.6%","12.2%",3.82,4.18,13.5,"43.0%",4.35,"20.3%","7.8%",622,2.61,"12.5%",5579,6255,1407,838,322,20,227,813,778,550,1381,24930,9281,15649,"8.8%","22.1%",0.325,0.439,0.764,30.3,"68.7%","85.2%"
"111",2018,"PHI",80,82,44,162,9.12,3.11,1.06,0.303,"71.0%","45.4%","12.4%",4.15,3.83,19.7,"44.8%",4.07,"23.9%","8.1%",666,2.93,"15.7%",5424,6136,1270,813,241,30,186,677,653,582,1520,24615,8956,15659,"9.5%","24.8%",0.314,0.393,0.707,13.3,"66.0%","84.3%"
"112",2018,"PIT",82,79,40,161,8.38,3.12,1.09,0.296,"73.6%","43.4%","12.1%",4,4.06,14.9,"44.5%",4.45,"21.7%","8.1%",638,2.69,"13.7%",5447,6066,1381,896,290,38,157,692,665,474,1229,23553,8377,15176,"7.8%","20.3%",0.317,0.407,0.725,19.2,"69.2%","86.0%"
"113",2018,"SDP",66,96,36,162,8.64,3.21,1.14,0.305,"71.1%","44.4%","13.6%",4.41,4.1,12.4,"43.9%",4.54,"22.4%","8.3%",714,2.7,"14.1%",5486,6059,1289,847,250,30,162,617,583,471,1523,23771,8358,15413,"7.8%","25.1%",0.297,0.38,0.677,9.6,"66.6%","83.6%"
"114",2018,"SEA",89,73,60,162,8.25,2.49,1.21,0.295,"72.5%","42.5%","12.7%",4.13,4.05,16.5,"43.7%",4.21,"21.9%","6.6%",664,3.32,"15.3%",5513,6087,1402,938,256,32,176,677,644,430,1221,23088,8306,14782,"7.1%","20.1%",0.314,0.408,0.722,19.1,"67.0%","88.2%"
"115",2018,"SFG",73,89,36,162,7.82,3.23,0.96,0.293,"72.3%","44.5%","11.0%",3.95,3.98,14.1,"43.4%",4.33,"20.5%","8.5%",642,2.42,"12.0%",5541,6113,1324,906,255,30,133,603,573,448,1467,23812,8411,15401,"7.3%","24.0%",0.3,0.368,0.667,6,"68.5%","84.4%"
"116",2018,"STL",88,74,43,162,8.27,3.67,0.89,0.293,"73.0%","44.6%","10.5%",3.85,3.97,14.4,"43.9%",4.33,"21.3%","9.5%",623,2.25,"11.9%",5498,6200,1369,907,248,9,205,759,725,525,1380,24262,8868,15394,"8.5%","22.3%",0.321,0.409,0.73,21.5,"65.6%","86.0%"
"117",2018,"TBR",90,72,52,162,8.83,3.11,1.02,0.278,"73.3%","43.9%","11.5%",3.75,3.82,17.4,"43.3%",3.88,"23.7%","8.4%",603,2.84,"15.4%",5475,6195,1415,948,274,43,150,716,664,540,1388,23677,8666,15011,"8.7%","22.4%",0.333,0.406,0.74,23.1,"69.0%","84.8%"
"118",2018,"TEX",67,95,42,162,7.05,3.09,1.4,0.299,"69.6%","43.0%","14.1%",4.92,4.79,10.9,"42.9%",5.76,"18.0%","7.9%",783,2.28,"10.1%",5453,6163,1308,824,266,24,194,737,696,555,1484,24519,9009,15510,"9.0%","24.1%",0.318,0.404,0.722,11.2,"64.5%","84.8%"
"119",2018,"TOR",73,89,39,162,8.15,3.46,1.31,0.306,"70.0%","42.5%","12.7%",4.85,4.53,8.5,"41.3%",4.62,"20.7%","8.8%",773,2.36,"11.9%",5477,6076,1336,783,320,16,217,709,680,499,1387,23482,8507,14975,"8.2%","22.8%",0.312,0.427,0.739,14.9,"68.3%","85.0%"
"120",2018,"WSN",82,80,40,162,8.82,3.03,1.23,0.287,"74.8%","41.2%","12.8%",4.04,4.15,16.4,"43.7%",4.47,"23.3%","8.0%",649,2.91,"15.3%",5517,6288,1402,902,284,25,191,771,737,631,1289,24645,9075,15570,"10.0%","20.5%",0.335,0.419,0.753,23.7,"67.3%","85.8%"
"121",2019,"ARI",85,77,45,162,8.77,3.17,1.35,0.295,"74.0%","43.1%","15.2%",4.25,4.4,12.9,"39.9%",4.83,"22.9%","8.3%",691,2.77,"14.6%",5633,6315,1419,871,288,40,220,813,778,540,1360,24414,8680,15734,"8.6%","21.5%",0.323,0.434,0.757,23.6,"68.3%","85.4%"
"122",2019,"ATL",97,65,44,162,8.64,3.4,1.26,0.302,"73.8%","45.2%","15.0%",4.2,4.39,12.4,"39.9%",4.91,"22.3%","8.8%",677,2.54,"13.5%",5560,6302,1432,877,277,29,249,855,824,619,1467,24951,9233,15718,"9.8%","23.3%",0.336,0.452,0.789,27.6,"71.2%","82.4%"
"123",2019,"BAL",54,108,27,162,7.78,3.5,1.9,0.295,"68.5%","40.5%","17.4%",5.67,5.56,6.9,"41.4%",5.8,"19.5%","8.8%",909,2.22,"10.7%",5596,6189,1379,889,252,25,213,729,698,462,1435,24561,8725,15836,"7.5%","23.2%",0.31,0.415,0.725,5.7,"69.3%","84.3%"
"124",2019,"BOS",84,78,33,162,9.99,3.7,1.32,0.312,"70.8%","42.6%","14.4%",4.7,4.28,16.5,"40.5%",4.65,"25.5%","9.5%",768,2.7,"16.1%",5770,6475,1554,937,345,27,245,901,857,590,1382,25427,9214,16213,"9.1%","21.3%",0.34,0.466,0.806,28,"69.6%","84.7%"
"125",2019,"CHC",84,78,38,162,9.01,3.33,1.22,0.3,"74.1%","45.9%","15.0%",4.1,4.25,16.9,"41.2%",4.7,"23.3%","8.6%",657,2.7,"14.7%",5461,6195,1378,826,270,26,256,814,783,581,1460,24026,8782,15244,"9.4%","23.6%",0.331,0.452,0.783,25.6,"68.4%","83.4%"
"126",2019,"CHW",72,89,33,161,8.36,3.71,1.52,0.302,"71.3%","43.2%","15.9%",4.91,4.89,13.2,"43.1%",5.08,"21.3%","9.4%",770,2.25,"11.9%",5529,6042,1443,981,260,20,182,708,676,378,1549,23538,8086,15452,"6.3%","25.6%",0.314,0.414,0.728,11.3,"68.7%","84.4%"
"127",2019,"CIN",75,87,46,162,9.71,3.35,1.34,0.286,"73.7%","44.3%","16.4%",4.18,4.23,19.8,"39.8%",4.78,"25.6%","8.8%",668,2.9,"16.8%",5450,6100,1328,839,235,27,227,701,679,492,1436,23703,8393,15310,"8.1%","23.5%",0.315,0.422,0.736,10.8,"70.3%","85.1%"
"128",2019,"CLE",93,69,42,162,9.44,2.82,1.3,0.291,"76.0%","39.7%","13.6%",3.79,4.06,21,"41.6%",4.34,"25.1%","7.5%",606,3.35,"17.6%",5425,6124,1354,827,286,18,223,769,731,563,1332,24072,9113,14959,"9.2%","21.8%",0.323,0.432,0.756,23.4,"69.4%","86.0%"
"129",2019,"COL",71,91,28,162,7.85,3.66,1.68,0.308,"68.5%","46.1%","19.0%",5.58,5.23,6,"42.9%",6.44,"19.7%","9.2%",898,2.15,"10.5%",5660,6288,1502,914,323,41,224,835,803,489,1503,24193,8629,15564,"7.8%","23.9%",0.326,0.456,0.782,11.8,"70.4%","84.4%"
"130",2019,"DET",47,114,31,161,8.59,3.37,1.57,0.317,"68.8%","42.7%","15.9%",5.26,4.84,10.3,"42.0%",5.06,"21.6%","8.5%",837,2.55,"13.1%",5549,6039,1333,851,292,41,149,582,556,391,1595,23506,7884,15622,"6.5%","26.4%",0.294,0.388,0.682,-2,"68.8%","83.2%"
"131",2019,"HOU",107,55,47,162,10.28,2.76,1.42,0.27,"76.8%","43.6%","16.7%",3.66,3.98,24.2,"42.5%",4.03,"27.9%","7.5%",595,3.73,"20.4%",5613,6394,1538,899,323,28,288,920,891,645,1166,24710,9349,15361,"10.1%","18.2%",0.352,0.495,0.848,42,"66.3%","88.4%"
"132",2019,"KCR",59,103,37,162,7.77,3.68,1.4,0.311,"70.2%","43.9%","14.7%",5.2,4.9,7.9,"41.8%",5.38,"19.5%","9.2%",824,2.11,"10.3%",5496,6080,1356,873,281,40,162,691,655,456,1405,23471,8389,15082,"7.5%","23.1%",0.309,0.401,0.71,6.7,"69.2%","86.2%"
"133",2019,"LAA",72,90,32,162,8.76,3.59,1.67,0.29,"70.9%","40.4%","17.0%",5.12,5.04,7.5,"42.2%",5.44,"22.3%","9.2%",820,2.44,"13.2%",5542,6251,1368,859,268,21,220,769,734,586,1276,24919,9329,15590,"9.4%","20.4%",0.324,0.422,0.746,17.1,"63.0%","86.2%"
"134",2019,"LAD",106,56,44,162,9.46,2.44,1.15,0.271,"74.7%","44.9%","14.1%",3.39,3.73,25.4,"42.8%",3.85,"25.7%","6.6%",545,3.88,"19.1%",5493,6281,1414,813,302,20,279,886,861,607,1356,24980,9389,15591,"9.7%","21.6%",0.338,0.472,0.81,34.3,"67.5%","85.2%"
"135",2019,"MIA",57,105,27,162,8.59,3.83,1.47,0.281,"72.1%","38.3%","14.2%",4.74,4.89,5.8,"41.7%",4.88,"22.1%","9.8%",760,2.24,"12.2%",5512,6045,1326,897,265,18,146,615,593,395,1469,23101,7925,15176,"6.5%","24.3%",0.298,0.375,0.673,1.9,"67.0%","85.6%"
"136",2019,"MIL",89,73,50,162,9.23,3.52,1.39,0.292,"73.1%","42.2%","15.6%",4.4,4.46,12.5,"40.4%",4.88,"23.9%","9.1%",714,2.63,"14.8%",5542,6309,1366,820,279,17,250,769,744,629,1563,25312,9400,15912,"10.0%","24.8%",0.329,0.438,0.767,23.5,"66.6%","84.1%"
"137",2019,"MIN",101,61,50,162,9,2.78,1.22,0.309,"71.8%","41.8%","13.4%",4.18,4.03,23.7,"42.0%",4.49,"23.4%","7.2%",680,3.24,"16.2%",5732,6392,1547,899,318,23,307,939,906,525,1334,24562,9035,15527,"8.2%","20.9%",0.338,0.494,0.832,31.7,"70.8%","85.8%"
"138",2019,"NYM",86,76,38,162,9.36,3.08,1.26,0.304,"73.1%","43.4%","13.9%",4.25,4.1,19.8,"43.0%",3.99,"24.4%","8.0%",690,3.04,"16.4%",5624,6290,1445,906,280,17,242,791,767,516,1384,23833,8460,15373,"8.2%","22.0%",0.328,0.442,0.77,24.6,"72.1%","84.6%"
"139",2019,"NYY",103,59,50,162,9.57,3.16,1.55,0.296,"75.2%","42.4%","16.8%",4.31,4.47,17.9,"40.8%",4.6,"25.0%","8.3%",691,3.03,"16.7%",5583,6245,1493,880,290,17,306,943,904,569,1437,25306,9396,15910,"9.1%","23.0%",0.339,0.49,0.829,30.7,"68.7%","85.0%"
"140",2019,"OAK",97,65,45,162,7.98,2.93,1.23,0.278,"75.1%","41.5%","12.6%",3.97,4.34,18.8,"43.5%",4.42,"21.1%","7.8%",646,2.72,"13.4%",5561,6269,1384,812,292,23,257,845,800,578,1338,24972,9350,15622,"9.2%","21.3%",0.327,0.448,0.776,26.4,"68.4%","84.9%"
"141",2019,"PHI",81,81,36,162,8.62,3.38,1.6,0.298,"74.7%","43.1%","17.9%",4.53,4.88,8.5,"41.3%",5.4,"22.2%","8.7%",732,2.55,"13.5%",5571,6261,1369,817,311,26,215,774,742,562,1453,24905,8983,15922,"9.0%","23.2%",0.319,0.427,0.746,17.8,"67.9%","84.5%"
"142",2019,"PIT",69,93,31,162,9.02,3.65,1.51,0.315,"68.9%","42.2%","15.7%",5.19,4.78,8.7,"42.6%",4.98,"22.6%","9.1%",830,2.47,"13.4%",5657,6228,1497,981,315,38,163,758,722,425,1213,23525,8368,15157,"6.8%","19.5%",0.321,0.42,0.741,12.8,"72.3%","86.9%"
"143",2019,"SDP",70,92,47,162,9.27,2.91,1.35,0.299,"70.0%","43.0%","14.8%",4.63,4.22,15.2,"42.2%",4.31,"23.9%","7.5%",737,3.19,"16.4%",5391,6019,1281,814,224,24,219,682,652,504,1581,23576,8498,15078,"8.4%","26.3%",0.308,0.41,0.718,10.8,"67.0%","83.8%"
"144",2019,"SEA",68,94,34,162,7.75,3.16,1.63,0.291,"68.4%","43.4%","16.4%",5,5,5.4,"42.7%",4.98,"19.8%","8.1%",799,2.45,"11.7%",5500,6199,1305,784,254,28,239,758,730,588,1581,25523,9597,15926,"9.5%","25.5%",0.316,0.424,0.74,17.4,"66.7%","82.9%"
"145",2019,"SFG",77,85,41,162,8.38,3.18,1.39,0.286,"72.6%","42.2%","15.1%",4.38,4.55,8.3,"42.1%",4.8,"21.9%","8.3%",715,2.64,"13.6%",5579,6170,1332,839,300,26,167,678,655,475,1435,23979,8408,15571,"7.7%","23.3%",0.302,0.392,0.694,8.9,"70.7%","84.4%"
"146",2019,"STL",91,71,52,162,8.72,3.4,1.19,0.283,"75.8%","44.9%","14.5%",3.82,4.27,14.9,"42.5%",4.49,"23.1%","9.0%",613,2.57,"14.1%",5449,6167,1336,856,246,24,210,764,714,561,1420,24719,8996,15723,"9.1%","23.0%",0.322,0.415,0.737,22.7,"67.4%","84.8%"
"147",2019,"TBR",96,66,46,162,9.9,2.77,1.1,0.29,"73.7%","44.1%","13.4%",3.67,3.65,24.5,"43.0%",3.69,"26.6%","7.4%",602,3.58,"19.2%",5628,6285,1427,890,291,29,217,769,730,542,1493,24922,9114,15808,"8.6%","23.8%",0.325,0.431,0.757,25.9,"69.5%","84.5%"
"148",2019,"TEX",78,84,33,162,8.63,3.65,1.51,0.312,"70.5%","41.8%","15.4%",5.09,4.84,14.2,"43.2%",5.6,"21.7%","9.2%",813,2.37,"12.5%",5540,6204,1374,831,296,24,223,810,765,534,1578,25074,9162,15912,"8.6%","25.4%",0.319,0.431,0.75,8.7,"66.0%","84.0%"
"149",2019,"TOR",67,95,33,162,8.32,3.77,1.42,0.3,"71.8%","43.1%","14.9%",4.79,4.82,8.9,"39.9%",5.02,"21.1%","9.6%",767,2.21,"11.5%",5493,6091,1299,761,270,21,247,726,697,509,1514,24052,8727,15325,"8.4%","24.9%",0.305,0.428,0.733,11.8,"67.9%","84.5%"
"150",2019,"WSN",93,69,40,162,9.45,3.23,1.26,0.296,"73.0%","42.6%","13.9%",4.28,4.14,21.7,"41.1%",4.44,"24.6%","8.4%",684,2.92,"16.2%",5512,6267,1460,904,298,27,231,873,824,584,1308,24645,9097,15548,"9.3%","20.9%",0.342,0.454,0.796,28.2,"67.3%","87.5%"
"151",2020,"ARI",25,35,13,60,9.1,4.08,1.61,0.294,"74.0%","38.4%","15.7%",4.84,5,1.1,"40.9%",5.36,"23.0%","10.3%",279,2.23,"12.7%",1997,2238,482,311,101,12,58,269,255,181,461,8668,3093,5575,"8.1%","20.6%",0.312,0.391,0.704,5.7,"68.1%","84.7%"
"152",2020,"ATL",35,25,13,60,8.69,3.78,1.18,0.294,"70.6%","43.7%","13.2%",4.46,4.42,4,"40.0%",4.83,"22.2%","9.7%",260,2.3,"12.6%",2074,2344,556,320,130,3,103,348,338,239,573,9236,3410,5826,"10.2%","24.4%",0.349,0.483,0.832,12.6,"71.7%","82.1%"
"153",2020,"BAL",25,35,11,60,8.45,3.33,1.37,0.282,"69.7%","42.6%","14.6%",4.51,4.6,6.5,"42.8%",5.08,"21.7%","8.5%",260,2.54,"13.1%",2026,2242,523,337,102,7,77,274,264,164,514,8757,3040,5717,"7.3%","22.9%",0.321,0.429,0.75,3.7,"70.7%","83.6%"
"154",2020,"BOS",24,36,14,60,9.22,4.33,1.68,0.332,"70.8%","42.9%","18.9%",5.58,5.19,0.1,"41.2%",6.08,"22.5%","10.5%",325,2.13,"11.9%",2083,2304,552,346,118,7,81,292,278,187,545,9082,3257,5825,"8.1%","23.7%",0.33,0.445,0.775,7.3,"69.2%","84.2%"
"155",2020,"CHC",34,26,16,60,9.08,3.16,1.28,0.278,"75.0%","45.0%","16.0%",3.99,4.18,6.5,"40.8%",4.6,"24.3%","8.5%",230,2.87,"15.8%",1918,2214,422,258,82,8,74,265,248,229,568,9086,3464,5622,"10.3%","25.7%",0.318,0.387,0.705,7.9,"64.1%","83.6%"
"156",2020,"CHW",35,25,13,60,8.93,3.71,1.21,0.269,"75.1%","44.2%","14.5%",3.81,4.32,6.6,"39.7%",4.79,"23.4%","9.7%",223,2.41,"13.7%",2047,2267,534,338,94,6,96,306,294,179,571,9019,3225,5794,"7.9%","25.2%",0.326,0.453,0.779,13.3,"67.1%","82.8%"
"157",2020,"CIN",31,29,9,60,10.98,3.8,1.2,0.278,"72.8%","43.2%","14.6%",3.89,3.92,10.1,"39.6%",4.32,"28.9%","10.0%",218,2.89,"18.9%",1842,2123,390,221,76,3,90,243,237,239,534,8771,3375,5396,"11.3%","25.2%",0.312,0.403,0.715,3.7,"66.4%","84.0%"
"158",2020,"CLE",35,25,20,60,10.43,2.64,1.14,0.285,"78.5%","40.5%","13.4%",3.29,3.55,11.2,"40.6%",3.9,"28.5%","7.2%",196,3.96,"21.3%",1959,2247,446,286,96,5,59,248,234,239,517,9293,3620,5673,"10.6%","23.0%",0.317,0.372,0.689,7.5,"67.3%","84.7%"
"159",2020,"COL",26,34,16,60,6.72,3.51,1.42,0.307,"66.5%","44.5%","15.0%",5.59,5.14,3.5,"42.0%",6.53,"16.8%","8.8%",327,1.92,"8.1%",2057,2257,528,365,84,16,63,275,264,161,543,8803,3090,5713,"7.1%","24.1%",0.311,0.405,0.716,1.8,"69.4%","84.9%"
"160",2020,"DET",23,35,11,58,8.12,3.51,1.66,0.297,"68.7%","42.2%","17.1%",5.63,5.17,0.9,"39.6%",5.51,"20.4%","8.8%",308,2.31,"11.6%",1893,2076,463,311,78,12,62,249,242,147,567,8257,2888,5369,"7.1%","27.3%",0.303,0.397,0.7,5.4,"69.6%","83.7%"
"161",2020,"HOU",29,31,16,60,9.03,3.73,1.2,0.288,"71.5%","44.2%","14.0%",4.31,4.33,6.3,"41.6%",4.62,"23.5%","9.7%",251,2.42,"13.8%",1992,2229,478,294,103,12,69,279,268,192,440,8548,3132,5416,"8.6%","19.7%",0.312,0.408,0.72,5.8,"68.4%","87.8%"
"162",2020,"KCR",26,34,19,60,9,3.67,1.32,0.303,"73.9%","44.4%","15.0%",4.3,4.5,4.1,"42.1%",4.94,"23.2%","9.4%",247,2.45,"13.7%",1988,2200,485,313,97,7,68,248,237,172,527,8625,3153,5472,"7.8%","24.0%",0.309,0.402,0.711,7.1,"69.2%","83.6%"
"163",2020,"LAA",26,34,12,60,8.96,3.41,1.4,0.287,"65.5%","39.4%","14.0%",5.09,4.49,5.4,"42.6%",4.85,"23.2%","8.8%",297,2.63,"14.4%",2020,2308,501,311,97,8,85,294,285,239,490,9114,3399,5715,"10.4%","21.2%",0.332,0.43,0.763,7.2,"63.1%","85.5%"
"164",2020,"LAD",43,17,15,60,8.64,2.42,1.1,0.252,"75.8%","46.3%","13.2%",3.02,3.79,8.9,"45.3%",3.87,"23.8%","6.7%",181,3.57,"17.1%",2042,2316,523,302,97,6,118,349,327,228,471,9011,3453,5558,"9.8%","20.3%",0.338,0.483,0.821,13,"69.2%","85.4%"
"165",2020,"MIA",31,29,18,60,8.05,4.04,1.46,0.297,"70.6%","45.2%","15.7%",4.86,5.02,2.4,"41.9%",5.06,"20.4%","10.2%",272,2,"10.2%",1935,2167,472,325,82,5,60,263,247,191,537,8547,3173,5374,"8.8%","24.8%",0.319,0.384,0.703,2.3,"66.1%","83.3%"
"166",2020,"MIL",29,31,14,60,10.68,3.29,1.17,0.296,"70.5%","46.6%","15.2%",4.18,3.8,9.1,"38.6%",3.98,"28.1%","8.6%",240,3.25,"19.4%",1920,2188,429,266,83,5,75,247,238,221,582,8826,3374,5452,"10.1%","26.6%",0.313,0.389,0.702,4.8,"65.9%","82.8%"
"167",2020,"MIN",36,24,17,60,9.38,2.98,1.09,0.288,"76.8%","40.8%","12.1%",3.58,3.79,9.4,"40.9%",4.08,"25.1%","8.0%",204,3.15,"17.1%",1937,2168,468,293,81,3,91,269,258,186,528,8664,3233,5431,"8.6%","24.4%",0.315,0.427,0.743,9.8,"67.6%","85.1%"
"168",2020,"NYM",26,34,11,60,10.06,3.84,1.42,0.316,"69.9%","41.7%","15.8%",5.01,4.46,5,"39.5%",4.49,"25.4%","9.7%",286,2.62,"15.7%",2023,2279,551,352,106,7,86,286,278,197,498,8801,3184,5617,"8.6%","21.9%",0.348,0.459,0.807,10.2,"71.7%","85.9%"
"169",2020,"NYY",33,27,14,60,9.49,3.02,1.49,0.28,"71.1%","42.9%","16.0%",4.35,4.39,5.6,"41.5%",4.47,"24.8%","7.9%",242,3.14,"16.9%",1915,2210,473,285,87,7,94,315,301,251,480,9021,3587,5434,"11.4%","21.7%",0.342,0.447,0.789,10.1,"67.3%","84.7%"
"170",2020,"OAK",36,24,17,60,8.84,2.88,1.21,0.285,"75.6%","41.2%","12.3%",3.77,4.02,7.5,"42.6%",3.93,"23.4%","7.6%",216,3.07,"15.8%",1908,2201,430,257,91,11,71,274,264,238,524,8848,3392,5456,"10.8%","23.8%",0.322,0.396,0.718,8.3,"66.4%","83.8%"
"171",2020,"PHI",28,32,11,60,9.63,3.35,1.45,0.343,"69.4%","46.6%","18.6%",5.2,4.43,5.8,"40.3%",5.02,"24.2%","8.4%",287,2.88,"15.8%",1948,2223,500,318,90,10,82,306,289,229,480,8683,3280,5403,"10.3%","21.6%",0.342,0.439,0.781,6.3,"68.7%","84.8%"
"172",2020,"PIT",19,41,6,60,9.4,4.37,1.4,0.28,"70.2%","43.4%","16.2%",4.68,4.8,2.9,"38.9%",5.07,"24.1%","11.2%",267,2.15,"12.9%",1932,2134,425,284,76,6,59,219,210,167,521,8352,3069,5283,"7.8%","24.4%",0.284,0.357,0.641,1.4,"69.3%","84.5%"
"173",2020,"SDP",37,23,13,60,9.77,2.94,1.21,0.29,"74.0%","42.5%","14.1%",3.87,3.88,8.3,"42.4%",4.01,"26.2%","7.9%",224,3.32,"18.3%",1972,2231,506,296,103,12,95,325,312,204,479,8724,3264,5460,"9.1%","21.5%",0.333,0.466,0.798,13.3,"65.9%","85.8%"
"174",2020,"SEA",27,33,15,60,8.17,4.01,1.38,0.281,"69.9%","40.3%","13.5%",5.03,4.91,3.2,"42.8%",4.89,"20.9%","10.2%",289,2.04,"10.6%",1929,2181,435,282,88,5,60,254,244,207,545,8698,3260,5438,"9.5%","25.0%",0.309,0.37,0.678,5.5,"64.9%","82.8%"
"175",2020,"SFG",29,31,13,60,8.48,3.65,1.2,0.281,"67.8%","38.8%","12.1%",4.64,4.45,3.8,"42.4%",4.78,"21.8%","9.4%",267,2.32,"12.4%",2019,2259,532,330,107,14,81,299,290,195,499,8768,3122,5646,"8.6%","22.1%",0.335,0.451,0.785,9.9,"69.8%","84.2%"
"176",2020,"STL",30,28,13,58,8.83,3.88,1.31,0.25,"74.0%","44.4%","15.4%",3.92,4.58,3.7,"41.0%",4.67,"23.3%","10.3%",206,2.27,"13.1%",1752,2011,410,279,73,7,51,240,231,205,477,8189,3137,5052,"10.2%","23.7%",0.323,0.371,0.694,7.5,"65.4%","83.8%"
"177",2020,"TBR",40,20,23,60,9.42,2.87,1.19,0.291,"77.2%","45.1%","14.9%",3.56,3.94,7.1,"41.9%",4.15,"25.0%","7.6%",209,3.29,"17.4%",1975,2261,470,273,105,12,80,289,274,243,608,9199,3529,5670,"10.7%","26.9%",0.328,0.425,0.753,9.5,"66.8%","80.5%"
"178",2020,"TEX",22,38,10,60,8.52,4.11,1.41,0.277,"68.6%","40.6%","14.0%",5.02,4.88,2.9,"42.5%",5.1,"21.5%","10.4%",288,2.07,"11.1%",1936,2147,420,269,80,9,62,224,204,167,548,8428,3022,5406,"7.8%","25.5%",0.285,0.364,0.648,0.3,"67.0%","82.2%"
"179",2020,"TOR",32,28,17,60,8.9,4.29,1.39,0.302,"70.3%","43.1%","14.9%",4.63,4.73,4,"39.5%",5.15,"22.5%","10.8%",270,2.08,"11.7%",2023,2263,516,320,104,4,88,302,288,203,508,8760,3246,5514,"9.0%","22.4%",0.325,0.441,0.766,5,"69.4%","84.1%"
"180",2020,"WSN",26,34,12,60,9.08,3.86,1.68,0.317,"74.1%","37.9%","16.3%",5.09,5.02,2.9,"41.0%",5.59,"22.3%","9.5%",285,2.35,"12.8%",1968,2218,519,329,112,12,66,293,279,192,451,8813,3177,5636,"8.7%","20.3%",0.336,0.433,0.769,4.3,"68.8%","87.0%"
"181",2021,"ARI",52,110,22,162,7.86,3.52,1.47,0.299,"68.2%","40.2%","13.8%",5.15,4.88,3.3,"43.7%",5.2,"19.7%","8.9%",811,2.23,"10.9%",5489,6144,1297,814,308,31,144,679,644,537,1465,24204,8669,15535,"8.7%","23.8%",0.309,0.382,0.692,10.9,"66.7%","84.6%"
"182",2021,"ATL",88,73,40,161,9.04,3.29,1.17,0.28,"74.4%","43.7%","13.5%",3.89,4.09,15.5,"42.3%",4.53,"23.8%","8.7%",610,2.75,"15.2%",5363,6056,1307,779,269,20,239,790,762,549,1453,23528,8515,15013,"9.1%","24.0%",0.319,0.435,0.754,24,"73.5%","83.1%"
"183",2021,"BAL",52,110,26,162,7.92,3.61,1.66,0.305,"66.7%","39.7%","15.1%",5.85,5.15,7.8,"43.3%",5.49,"19.7%","9.0%",911,2.19,"10.7%",5420,5983,1296,820,266,15,195,659,632,451,1454,23610,8280,15330,"7.5%","24.3%",0.304,0.402,0.705,6.6,"68.8%","83.9%"
"184",2021,"BOS",92,70,49,162,9.68,3.46,1.12,0.323,"71.9%","44.2%","12.6%",4.27,3.95,19.9,"42.9%",4.4,"24.8%","8.9%",674,2.8,"16.0%",5495,6122,1434,862,330,23,219,829,783,512,1386,23976,8485,15491,"8.4%","22.6%",0.328,0.449,0.777,21.6,"69.9%","83.6%"
"185",2021,"CHC",71,91,40,162,8.65,3.8,1.5,0.294,"70.9%","44.8%","17.2%",4.88,4.88,3.8,"40.3%",5.24,"21.9%","9.6%",766,2.28,"12.3%",5306,5972,1255,794,225,26,210,705,672,502,1596,23541,8505,15036,"8.4%","26.7%",0.312,0.407,0.719,17.2,"67.2%","83.6%"
"186",2021,"CHW",93,69,43,162,10.18,3.11,1.17,0.288,"74.4%","41.2%","12.8%",3.73,3.74,27.6,"41.7%",3.91,"27.1%","8.3%",581,3.27,"18.8%",5357,6084,1373,886,275,22,190,796,757,586,1389,23930,8640,15290,"9.6%","22.8%",0.336,0.422,0.758,23.2,"68.3%","85.6%"
"187",2021,"CIN",83,79,41,162,9.56,3.87,1.29,0.297,"72.6%","44.2%","14.8%",4.41,4.34,16.9,"40.1%",4.84,"24.6%","10.0%",703,2.47,"14.6%",5423,6162,1352,822,295,13,222,786,756,553,1425,24111,8861,15250,"9.0%","23.1%",0.328,0.431,0.759,16.4,"69.2%","85.5%"
"188",2021,"CLE",80,82,39,162,8.89,3.34,1.38,0.282,"72.8%","42.6%","14.7%",4.34,4.43,10.7,"41.6%",4.66,"23.3%","8.7%",679,2.66,"14.6%",5332,5907,1269,796,248,22,203,717,686,453,1387,23079,8262,14817,"7.7%","23.5%",0.303,0.407,0.71,16.3,"68.8%","84.2%"
"189",2021,"COL",74,87,33,161,8.18,3.47,1.26,0.302,"69.8%","44.8%","14.3%",4.83,4.47,13.8,"43.6%",5.63,"21.0%","8.9%",749,2.35,"12.1%",5374,6007,1338,847,275,34,182,739,709,491,1356,22881,8007,14874,"8.2%","22.6%",0.317,0.414,0.731,11.3,"70.5%","85.1%"
"190",2021,"DET",77,85,42,162,7.98,3.62,1.26,0.289,"72.6%","44.5%","13.2%",4.32,4.6,8.8,"42.8%",4.7,"20.4%","9.3%",681,2.2,"11.2%",5376,5979,1299,847,236,37,179,697,675,490,1514,23733,8409,15324,"8.2%","25.3%",0.308,0.399,0.707,10.5,"69.3%","83.2%"
"191",2021,"HOU",95,67,34,162,9.07,3.42,1.16,0.275,"75.1%","44.7%","13.6%",3.8,4.12,16.9,"41.1%",4.33,"24.0%","9.1%",610,2.65,"15.0%",5593,6291,1496,962,299,14,221,863,834,569,1222,24555,8982,15573,"9.0%","19.4%",0.339,0.444,0.783,33.7,"66.7%","88.0%"
"192",2021,"KCR",74,88,37,162,8.53,3.75,1.2,0.301,"70.3%","42.2%","12.6%",4.64,4.39,12.7,"41.4%",4.84,"21.9%","9.6%",731,2.27,"12.3%",5427,5993,1349,906,251,29,163,686,647,421,1258,22754,8035,14719,"7.0%","21.0%",0.306,0.396,0.702,13.3,"72.1%","86.0%"
"193",2021,"LAA",77,85,39,162,9.2,3.75,1.19,0.305,"69.6%","44.5%","13.5%",4.69,4.25,16,"40.2%",4.62,"23.5%","9.6%",741,2.45,"13.9%",5437,6016,1331,853,265,23,190,723,691,464,1394,23027,8001,15026,"7.7%","23.2%",0.31,0.407,0.717,11.6,"67.4%","85.4%"
"194",2021,"LAD",106,56,56,162,9.91,3.01,1,0.26,"76.5%","44.5%","11.8%",3.03,3.54,27.1,"44.0%",3.52,"26.9%","8.2%",489,3.29,"18.7%",5445,6239,1330,822,247,24,237,830,799,613,1408,24466,9124,15342,"9.8%","22.6%",0.33,0.429,0.759,29.3,"68.6%","85.0%"
"195",2021,"MIA",67,95,33,162,8.78,3.36,1.03,0.29,"71.6%","44.6%","12.0%",3.96,4.01,15.7,"43.1%",4.23,"22.9%","8.8%",622,2.61,"14.1%",5348,5928,1244,837,226,23,158,623,594,450,1553,23267,8080,15187,"7.6%","26.2%",0.298,0.372,0.671,12.1,"67.3%","84.0%"
"196",2021,"MIL",95,67,44,162,10.14,3.37,1.05,0.275,"74.7%","44.5%","13.3%",3.5,3.72,23.4,"41.0%",4.04,"27.0%","9.0%",558,3.01,"18.0%",5362,6099,1251,784,255,18,194,738,700,586,1465,24078,8858,15220,"9.6%","24.0%",0.317,0.396,0.713,19.1,"68.0%","84.1%"
"197",2021,"MIN",73,89,42,162,8.35,3.07,1.52,0.29,"68.9%","41.0%","15.0%",4.83,4.66,6.8,"41.5%",4.86,"21.7%","8.0%",762,2.72,"13.7%",5431,6078,1311,795,271,17,228,729,690,525,1405,23515,8706,14809,"8.6%","23.1%",0.314,0.423,0.738,21.3,"69.4%","84.3%"
"198",2021,"NYM",77,85,41,162,9.48,3.1,1.24,0.287,"73.2%","42.5%","13.9%",3.9,4.04,16.3,"42.9%",4.02,"25.1%","8.2%",597,3.06,"16.9%",5210,5856,1243,821,228,18,176,636,604,495,1392,22385,7982,14403,"8.5%","23.8%",0.315,0.391,0.705,21.6,"71.5%","84.1%"
"199",2021,"NYY",92,70,47,162,9.84,3.08,1.23,0.284,"74.0%","41.9%","12.9%",3.76,3.9,21.7,"41.1%",3.85,"26.2%","8.2%",600,3.19,"18.0%",5331,6060,1266,819,213,12,222,711,666,621,1482,24803,9426,15377,"10.2%","24.5%",0.322,0.407,0.729,16.5,"66.9%","83.0%"
"200",2021,"OAK",86,76,39,162,8.37,2.76,1.2,0.29,"73.7%","40.3%","11.8%",4.02,4.1,14.4,"42.8%",4.13,"22.0%","7.2%",640,3.03,"14.7%",5395,6104,1284,795,271,19,199,743,698,545,1349,23968,8762,15206,"8.9%","22.1%",0.317,0.406,0.723,24.6,"69.7%","85.0%"
"201",2021,"PHI",82,80,36,162,9.39,3.23,1.27,0.296,"71.4%","45.4%","14.7%",4.39,4.15,17.3,"42.0%",4.33,"24.4%","8.4%",692,2.91,"16.0%",5366,6089,1288,804,262,24,198,734,700,564,1402,23823,8530,15293,"9.3%","23.0%",0.318,0.408,0.726,18.6,"68.6%","83.8%"
"202",2021,"PIT",61,101,25,162,8.46,3.91,1.37,0.302,"70.1%","40.9%","13.8%",5.08,4.74,5.7,"41.6%",5.06,"21.4%","9.9%",788,2.17,"11.5%",5336,5983,1261,862,240,35,124,609,570,529,1328,22994,8341,14653,"8.8%","22.2%",0.309,0.364,0.673,7.2,"68.4%","87.0%"
"203",2021,"SDP",79,83,43,162,9.55,3.25,1.29,0.287,"73.6%","42.8%","14.3%",4.1,4.18,13.5,"42.7%",4.19,"25.0%","8.5%",651,2.94,"16.5%",5384,6119,1305,831,273,21,180,729,695,586,1324,23760,8797,14963,"9.6%","21.6%",0.321,0.401,0.722,21.1,"67.2%","86.2%"
"204",2021,"SEA",90,72,51,162,8.3,3.03,1.23,0.288,"71.1%","40.5%","12.1%",4.3,4.26,14.1,"42.9%",4.27,"21.7%","7.9%",688,2.74,"13.8%",5355,6010,1209,766,233,11,199,697,673,535,1492,24050,8775,15275,"8.9%","24.8%",0.303,0.385,0.688,12.3,"68.4%","83.9%"
"205",2021,"SFG",107,55,56,162,8.81,2.57,0.93,0.279,"74.9%","45.6%","10.9%",3.25,3.55,22,"44.3%",3.7,"23.7%","6.9%",525,3.43,"16.8%",5462,6196,1360,823,271,25,241,804,768,602,1461,24617,9079,15538,"9.7%","23.6%",0.329,0.44,0.769,30.9,"68.8%","84.6%"
"206",2021,"STL",90,72,50,162,7.78,3.86,0.97,0.272,"73.2%","43.7%","10.8%",4,4.3,12.4,"40.8%",4.54,"20.3%","10.1%",629,2.01,"10.2%",5351,6001,1303,822,261,22,198,706,678,478,1341,23222,8235,14987,"8.0%","22.3%",0.313,0.412,0.725,25.6,"68.2%","84.4%"
"207",2021,"TBR",100,62,42,162,9.14,2.7,1.14,0.281,"73.7%","41.5%","12.3%",3.67,3.79,18.9,"42.4%",3.83,"24.6%","7.3%",594,3.39,"17.4%",5507,6213,1336,790,288,36,222,857,810,585,1542,24326,8960,15366,"9.4%","24.8%",0.321,0.429,0.75,31.5,"70.5%","81.7%"
"208",2021,"TEX",60,102,31,162,7.83,3.24,1.47,0.288,"70.3%","42.4%","14.9%",4.8,4.76,5.4,"41.7%",5.05,"20.3%","8.4%",760,2.42,"11.9%",5405,5943,1254,838,225,24,167,625,598,433,1381,22926,8045,14881,"7.3%","23.2%",0.294,0.375,0.67,11.9,"68.8%","83.9%"
"209",2021,"TOR",91,71,34,162,9.4,3.03,1.34,0.284,"75.5%","43.0%","14.5%",3.91,4.18,14.5,"41.7%",4.47,"24.8%","8.0%",610,3.1,"16.8%",5476,6070,1455,895,285,13,262,846,816,496,1218,23254,8419,14835,"8.2%","20.1%",0.33,0.466,0.797,29.8,"72.5%","86.7%"
"210",2021,"WSN",65,97,36,162,8.69,3.54,1.59,0.289,"71.0%","41.0%","16.0%",4.82,4.87,6.8,"41.9%",5.14,"22.2%","9.0%",747,2.46,"13.1%",5385,6113,1388,914,272,20,182,724,686,573,1303,23472,8599,14873,"9.4%","21.3%",0.337,0.417,0.754,19.9,"68.0%","86.0%"
"211",2022,"ARI",74,88,33,162,7.65,3.17,1.2,0.282,"71.2%","39.8%","11.5%",4.25,4.33,7.7,"41.6%",4.71,"20.0%","8.3%",676,2.41,"11.7%",5351,6027,1232,773,262,24,173,702,658,531,1341,23541,8646,14895,"8.8%","22.2%",0.304,0.385,0.689,19.8,"66.7%","85.6%"
"212",2022,"ATL",101,61,55,162,9.66,3.11,0.92,0.286,"74.6%","43.5%","10.4%",3.46,3.46,22.7,"40.7%",3.74,"25.8%","8.3%",556,3.11,"17.5%",5509,6082,1394,842,298,11,243,789,753,470,1498,23936,8478,15458,"7.7%","24.6%",0.317,0.443,0.761,28.9,"72.1%","82.8%"
"213",2022,"BAL",83,79,46,162,7.62,2.78,1.07,0.296,"73.2%","43.2%","10.9%",3.97,4.03,11.9,"42.6%",4.32,"20.0%","7.3%",633,2.74,"12.7%",5429,6049,1281,810,275,25,171,674,639,476,1390,23241,8154,15087,"7.9%","23.0%",0.305,0.39,0.695,18.9,"71.2%","85.1%"
"214",2022,"BOS",78,84,39,162,8.47,3.31,1.16,0.304,"69.8%","42.8%","11.8%",4.53,4.17,9.8,"42.4%",4.58,"21.8%","8.5%",721,2.56,"13.3%",5539,6144,1427,908,352,12,155,735,704,478,1373,23902,8460,15442,"7.8%","22.3%",0.321,0.409,0.731,18,"69.8%","84.7%"
"215",2022,"CHC",74,88,44,162,8.62,3.37,1.29,0.287,"73.5%","43.1%","13.5%",4.03,4.33,8.7,"40.7%",4.48,"22.4%","8.8%",646,2.56,"13.7%",5425,6072,1293,838,265,31,159,657,620,507,1448,23813,8557,15256,"8.3%","23.8%",0.311,0.387,0.698,15.7,"69.2%","83.8%"
"216",2022,"CHW",81,81,48,162,9.01,3.31,1.03,0.295,"71.2%","41.5%","10.5%",3.94,3.81,17.3,"39.9%",4.03,"23.6%","8.7%",633,2.72,"14.9%",5611,6123,1435,1005,272,9,149,686,654,388,1269,23147,7871,15276,"6.3%","20.7%",0.31,0.387,0.698,15.3,"69.9%","86.2%"
"217",2022,"CIN",62,100,31,162,8.94,3.87,1.35,0.298,"71.1%","40.6%","13.3%",4.86,4.59,9.9,"40.5%",5.05,"22.7%","9.8%",769,2.31,"12.9%",5380,5978,1264,855,235,18,156,648,618,452,1430,23125,8118,15007,"7.6%","23.9%",0.304,0.372,0.676,5.2,"67.8%","86.1%"
"218",2022,"CLE",92,70,51,162,8.59,2.69,1.06,0.274,"73.8%","42.5%","11.2%",3.47,3.75,18.6,"41.8%",3.97,"23.2%","7.3%",562,3.2,"15.9%",5558,6163,1410,979,273,31,127,698,662,450,1122,23703,8212,15491,"7.3%","18.2%",0.316,0.383,0.699,21.7,"66.3%","88.2%"
"219",2022,"COL",68,94,43,162,7.5,3.4,1.16,0.312,"66.8%","44.1%","12.1%",5.08,4.38,12.6,"41.7%",5.52,"19.0%","8.6%",804,2.2,"10.4%",5540,6105,1408,945,280,34,149,698,669,453,1330,23635,8216,15419,"7.4%","21.8%",0.315,0.398,0.713,6.8,"68.0%","86.8%"
"220",2022,"DET",66,96,38,162,7.58,3.24,1.06,0.284,"71.3%","41.7%","10.2%",4.04,4.16,9.4,"41.8%",4.31,"19.8%","8.5%",637,2.34,"11.3%",5378,5870,1240,868,235,27,110,557,530,380,1413,22410,7627,14783,"6.5%","24.1%",0.286,0.346,0.632,2.5,"70.9%","85.2%"
"221",2022,"HOU",106,56,53,162,9.49,2.85,0.83,0.268,"77.2%","42.7%","9.3%",2.9,3.28,27,"41.5%",3.38,"26.0%","7.8%",465,3.33,"18.2%",5409,6054,1341,830,284,13,214,737,715,528,1179,22950,8348,14602,"8.7%","19.5%",0.319,0.424,0.743,29.5,"70.9%","87.7%"
"222",2022,"KCR",65,97,33,162,7.57,3.74,1.1,0.312,"70.3%","43.8%","11.2%",4.72,4.42,7.5,"41.2%",4.94,"19.1%","9.4%",742,2.02,"9.6%",5437,6010,1327,904,247,38,138,640,613,460,1287,22872,8107,14765,"7.7%","21.4%",0.306,0.38,0.686,10.7,"71.6%","85.2%"
"223",2022,"LAA",73,89,38,162,8.67,3.39,1.05,0.276,"73.0%","42.2%","11.1%",3.79,3.96,17,"41.6%",4.29,"22.9%","8.9%",604,2.56,"14.0%",5423,5977,1265,825,219,31,190,623,600,449,1539,23099,8253,14846,"7.5%","25.7%",0.297,0.39,0.687,11.9,"69.7%","83.6%"
"224",2022,"LAD",111,51,43,162,9.08,2.52,0.94,0.255,"78.3%","42.5%","9.8%",2.8,3.45,24.6,"43.3%",3.33,"25.0%","6.9%",451,3.6,"18.0%",5526,6247,1418,850,325,31,212,847,812,607,1374,25138,9413,15725,"9.7%","22.0%",0.333,0.442,0.775,38.9,"70.2%","84.3%"
"225",2022,"MIA",69,93,41,162,9,3.2,1.08,0.295,"73.8%","44.6%","12.6%",3.87,3.9,14.1,"41.8%",4.14,"23.7%","8.4%",618,2.81,"15.3%",5395,5949,1241,829,248,20,144,586,554,436,1429,23187,8180,15007,"7.3%","24.0%",0.294,0.363,0.658,10.6,"69.2%","85.4%"
"226",2022,"MIL",86,76,52,162,9.52,3.24,1.18,0.28,"72.9%","43.8%","13.4%",3.83,3.92,14.9,"39.5%",4.14,"25.3%","8.6%",615,2.94,"16.7%",5417,6122,1271,784,251,17,219,725,703,577,1464,24835,9175,15660,"9.4%","23.9%",0.315,0.409,0.724,24.3,"67.4%","85.1%"
"227",2022,"MIN",78,84,28,162,8.37,2.93,1.15,0.285,"73.3%","40.0%","11.0%",3.98,4.03,10.7,"41.9%",4.1,"22.1%","7.7%",636,2.85,"14.4%",5476,6113,1356,891,269,18,178,696,668,518,1353,23947,8663,15284,"8.5%","22.1%",0.317,0.401,0.718,21.1,"68.5%","85.7%"
"228",2022,"NYM",101,61,41,162,9.79,2.68,1.06,0.297,"76.0%","43.3%","11.8%",3.58,3.5,20.3,"40.9%",3.43,"26.3%","7.2%",573,3.66,"19.1%",5489,6176,1422,952,272,27,171,772,735,510,1217,23987,8557,15430,"8.3%","19.7%",0.332,0.412,0.744,31.3,"69.6%","86.2%"
"229",2022,"NYY",99,63,47,162,9.05,2.75,0.97,0.268,"76.3%","44.1%","10.7%",3.3,3.56,19.6,"40.0%",3.62,"24.6%","7.5%",533,3.29,"17.1%",5422,6172,1308,821,225,8,254,807,764,620,1391,24434,8948,15486,"10.0%","22.5%",0.325,0.426,0.751,35.1,"66.2%","84.5%"
"230",2022,"OAK",60,102,34,162,7.59,3.17,1.23,0.289,"70.7%","41.4%","11.5%",4.54,4.41,3.6,"41.0%",4.32,"19.7%","8.2%",719,2.39,"11.4%",5314,5863,1147,746,249,15,137,568,537,433,1389,22568,7900,14668,"7.4%","23.7%",0.281,0.346,0.626,6.8,"70.3%","84.8%"
"231",2022,"PHI",87,75,42,162,8.97,2.92,0.95,0.302,"71.2%","44.2%","10.6%",3.98,3.6,22.7,"40.8%",3.95,"23.7%","7.7%",631,3.07,"16.0%",5496,6077,1392,903,255,29,205,747,719,478,1363,23854,8404,15450,"7.9%","22.4%",0.317,0.422,0.739,21.6,"68.4%","86.1%"
"232",2022,"PIT",62,100,33,162,7.92,3.71,1.04,0.304,"68.7%","43.9%","10.9%",4.66,4.27,9.5,"39.7%",4.62,"20.0%","9.4%",736,2.13,"10.6%",5331,5912,1186,778,221,29,158,591,555,476,1497,23202,8347,14855,"8.1%","25.3%",0.291,0.364,0.655,6.7,"65.3%","86.7%"
"233",2022,"SDP",89,73,48,162,9.05,2.92,1.08,0.282,"73.5%","41.2%","11.1%",3.81,3.82,19.3,"42.7%",3.83,"24.0%","7.7%",611,3.1,"16.3%",5468,6175,1317,871,275,18,153,705,682,574,1327,24392,8958,15434,"9.3%","21.5%",0.318,0.382,0.7,21.2,"67.0%","86.0%"
"234",2022,"SEA",90,72,40,162,8.65,2.78,1.16,0.279,"76.1%","39.8%","11.2%",3.59,3.9,13.8,"41.5%",3.83,"23.2%","7.5%",577,3.11,"15.8%",5375,6117,1236,791,229,19,197,690,663,596,1397,24110,9020,15090,"9.7%","22.8%",0.315,0.39,0.704,22.9,"69.4%","85.7%"
"235",2022,"SFG",81,81,39,162,8.6,2.77,0.83,0.31,"70.0%","47.7%","9.8%",3.86,3.43,20,"42.4%",3.63,"22.6%","7.3%",615,3.11,"15.3%",5392,6117,1261,805,255,18,183,716,683,571,1462,24340,8923,15417,"9.3%","23.9%",0.315,0.39,0.705,15.6,"67.6%","84.6%"
"236",2022,"STL",93,69,37,162,7.38,3.07,0.92,0.287,"74.2%","47.2%","10.7%",3.79,3.94,13.4,"41.9%",4.16,"19.6%","8.1%",605,2.41,"11.4%",5496,6165,1386,878,290,21,197,772,739,537,1226,24192,8708,15484,"8.7%","19.9%",0.325,0.42,0.745,32.8,"67.3%","86.1%"
"237",2022,"TBR",86,76,44,162,8.68,2.41,1.08,0.277,"74.6%","42.5%","11.2%",3.41,3.68,16.5,"42.3%",3.65,"23.3%","6.5%",544,3.6,"16.9%",5412,6008,1294,842,296,17,139,666,634,500,1395,23435,8404,15031,"8.3%","23.2%",0.309,0.377,0.686,19.8,"70.0%","83.8%"
"238",2022,"TEX",68,94,37,162,8.24,3.64,1.06,0.292,"71.2%","45.9%","11.9%",4.22,4.18,8.9,"39.0%",4.44,"21.3%","9.4%",673,2.26,"11.9%",5478,6029,1308,866,224,20,198,707,670,456,1446,23095,8183,14912,"7.6%","24.0%",0.301,0.395,0.696,18.9,"73.4%","83.4%"
"239",2022,"TOR",92,70,46,162,8.68,2.65,1.12,0.295,"73.4%","41.4%","11.4%",3.89,3.85,17,"41.5%",4.09,"23.0%","7.0%",623,3.28,"16.0%",5555,6158,1464,945,307,12,200,775,756,500,1242,23696,8541,15155,"8.1%","20.2%",0.329,0.431,0.76,31.2,"70.9%","85.5%"
"240",2022,"WSN",55,107,28,162,7.78,3.56,1.56,0.297,"70.8%","41.5%","14.4%",5,4.98,1,"41.2%",5.13,"19.6%","9.0%",785,2.19,"10.6%",5434,5998,1351,943,252,20,136,603,579,442,1221,22758,7965,14793,"7.4%","20.4%",0.31,0.377,0.688,6.1,"69.3%","86.0%"
